date,team,group,champion,final,sf,model_version
2026-06-12,Argentina,J,0.1623,0.24221,0.35757,0.2.0+nogit
2026-06-12,Spain,H,0.12721,0.20334,0.30923,0.2.0+nogit
2026-06-12,England,L,0.06377,0.11811,0.20953,0.2.0+nogit
2026-06-12,France,I,0.05742,0.10719,0.19775,0.2.0+nogit
2026-06-12,Morocco,C,0.0553,0.10358,0.19245,0.2.0+nogit
2026-06-12,Brazil,C,0.04636,0.09103,0.17688,0.2.0+nogit
2026-06-12,Japan,F,0.04477,0.09057,0.17394,0.2.0+nogit
2026-06-12,Colombia,K,0.043,0.08615,0.16194,0.2.0+nogit
2026-06-12,Portugal,K,0.04168,0.08299,0.15756,0.2.0+nogit
2026-06-12,Ecuador,E,0.03431,0.07164,0.14589,0.2.0+nogit
2026-06-12,Germany,E,0.03026,0.06507,0.1391,0.2.0+nogit
2026-06-12,Netherlands,F,0.02955,0.0633,0.13311,0.2.0+nogit
2026-06-12,Mexico,A,0.02933,0.06432,0.13951,0.2.0+nogit
2026-06-12,Belgium,G,0.02464,0.05716,0.11778,0.2.0+nogit
2026-06-12,Norway,I,0.02195,0.04986,0.10799,0.2.0+nogit
2026-06-12,Switzerland,B,0.0185,0.04466,0.1046,0.2.0+nogit
2026-06-12,Algeria,J,0.01814,0.0438,0.09321,0.2.0+nogit
2026-06-12,Senegal,I,0.01738,0.04043,0.09113,0.2.0+nogit
2026-06-12,Uruguay,H,0.01498,0.03756,0.08586,0.2.0+nogit
2026-06-12,Iran,G,0.01485,0.03664,0.08388,0.2.0+nogit
2026-06-12,Croatia,L,0.0137,0.03345,0.07886,0.2.0+nogit
2026-06-12,Canada,B,0.01213,0.03272,0.08316,0.2.0+nogit
2026-06-12,South Korea,A,0.0119,0.03259,0.08594,0.2.0+nogit
2026-06-12,Australia,D,0.01146,0.03,0.07168,0.2.0+nogit
2026-06-12,Turkey,D,0.01044,0.02733,0.06545,0.2.0+nogit
2026-06-12,Austria,J,0.00812,0.02276,0.05495,0.2.0+nogit
2026-06-12,Paraguay,D,0.0068,0.019,0.04877,0.2.0+nogit
2026-06-12,Ivory Coast,E,0.00666,0.01964,0.05366,0.2.0+nogit
2026-06-12,Egypt,G,0.00406,0.01233,0.03595,0.2.0+nogit
2026-06-12,United States,D,0.00304,0.01052,0.03326,0.2.0+nogit
2026-06-12,Uzbekistan,K,0.00271,0.00879,0.02625,0.2.0+nogit
2026-06-12,Scotland,C,0.00247,0.00849,0.02657,0.2.0+nogit
2026-06-12,DR Congo,K,0.00201,0.00696,0.02109,0.2.0+nogit
2026-06-12,Panama,L,0.00171,0.00682,0.02277,0.2.0+nogit
2026-06-12,Tunisia,F,0.00144,0.00438,0.01514,0.2.0+nogit
2026-06-12,Czech Republic,A,0.00095,0.00384,0.01347,0.2.0+nogit
2026-06-12,Sweden,F,0.00085,0.00297,0.01053,0.2.0+nogit
2026-06-12,Jordan,J,0.00082,0.00318,0.01164,0.2.0+nogit
2026-06-12,Iraq,I,0.00073,0.00264,0.00971,0.2.0+nogit
2026-06-12,Haiti,C,0.00064,0.00265,0.01031,0.2.0+nogit
2026-06-12,New Zealand,G,0.00062,0.00287,0.01165,0.2.0+nogit
2026-06-12,Saudi Arabia,H,0.00036,0.00212,0.00867,0.2.0+nogit
2026-06-12,South Africa,A,0.00031,0.00121,0.00506,0.2.0+nogit
2026-06-12,Ghana,L,0.00012,0.00079,0.00372,0.2.0+nogit
2026-06-12,Cape Verde,H,0.0001,0.00088,0.00417,0.2.0+nogit
2026-06-12,Curaçao,E,7e-05,0.0004,0.00217,0.2.0+nogit
2026-06-12,Bosnia and Herzegovina,B,6e-05,0.00077,0.00475,0.2.0+nogit
2026-06-12,Qatar,B,2e-05,0.00029,0.00174,0.2.0+nogit
2026-06-13,Argentina,J,0.16142,0.24062,0.3555,0.2.0+c6fe93b
2026-06-13,Spain,H,0.12901,0.20695,0.31239,0.2.0+c6fe93b
2026-06-13,England,L,0.0648,0.11953,0.21125,0.2.0+c6fe93b
2026-06-13,France,I,0.05763,0.1081,0.19868,0.2.0+c6fe93b
2026-06-13,Morocco,C,0.05506,0.10353,0.19422,0.2.0+c6fe93b
2026-06-13,Japan,F,0.04692,0.0917,0.17554,0.2.0+c6fe93b
2026-06-13,Brazil,C,0.04513,0.09043,0.17618,0.2.0+c6fe93b
2026-06-13,Colombia,K,0.04331,0.08501,0.16123,0.2.0+c6fe93b
2026-06-13,Portugal,K,0.04246,0.08448,0.1584,0.2.0+c6fe93b
2026-06-13,Ecuador,E,0.03358,0.07053,0.14401,0.2.0+c6fe93b
2026-06-13,Germany,E,0.0304,0.06491,0.13843,0.2.0+c6fe93b
2026-06-13,Netherlands,F,0.02952,0.06434,0.13435,0.2.0+c6fe93b
2026-06-13,Mexico,A,0.02833,0.06545,0.14296,0.2.0+c6fe93b
2026-06-13,Belgium,G,0.02542,0.05734,0.11865,0.2.0+c6fe93b
2026-06-13,Norway,I,0.02205,0.04992,0.10977,0.2.0+c6fe93b
2026-06-13,Switzerland,B,0.01791,0.04405,0.10273,0.2.0+c6fe93b
2026-06-13,Algeria,J,0.01783,0.04196,0.09131,0.2.0+c6fe93b
2026-06-13,Senegal,I,0.01757,0.04083,0.09205,0.2.0+c6fe93b
2026-06-13,Iran,G,0.01487,0.03768,0.08542,0.2.0+c6fe93b
2026-06-13,Uruguay,H,0.01453,0.03767,0.0833,0.2.0+c6fe93b
2026-06-13,Croatia,L,0.01264,0.0331,0.07812,0.2.0+c6fe93b
2026-06-13,South Korea,A,0.01207,0.03345,0.08732,0.2.0+c6fe93b
2026-06-13,Australia,D,0.01153,0.02965,0.07031,0.2.0+c6fe93b
2026-06-13,Turkey,D,0.01127,0.02867,0.06803,0.2.0+c6fe93b
2026-06-13,Austria,J,0.00932,0.02484,0.05788,0.2.0+c6fe93b
2026-06-13,Canada,B,0.00919,0.02572,0.06972,0.2.0+c6fe93b
2026-06-13,United States,D,0.00711,0.02171,0.0622,0.2.0+c6fe93b
2026-06-13,Ivory Coast,E,0.00696,0.01992,0.05463,0.2.0+c6fe93b
2026-06-13,Egypt,G,0.00395,0.01228,0.03522,0.2.0+c6fe93b
2026-06-13,Uzbekistan,K,0.0027,0.00894,0.02688,0.2.0+c6fe93b
2026-06-13,Scotland,C,0.00245,0.00862,0.02761,0.2.0+c6fe93b
2026-06-13,DR Congo,K,0.00208,0.00678,0.02148,0.2.0+c6fe93b
2026-06-13,Panama,L,0.00201,0.00704,0.02224,0.2.0+c6fe93b
2026-06-13,Paraguay,D,0.00165,0.00531,0.01581,0.2.0+c6fe93b
2026-06-13,Tunisia,F,0.00137,0.00437,0.015,0.2.0+c6fe93b
2026-06-13,Czech Republic,A,0.00096,0.00362,0.01433,0.2.0+c6fe93b
2026-06-13,Jordan,J,0.00086,0.00309,0.01101,0.2.0+c6fe93b
2026-06-13,New Zealand,G,0.00074,0.00325,0.012,0.2.0+c6fe93b
2026-06-13,Sweden,F,0.00073,0.00267,0.01068,0.2.0+c6fe93b
2026-06-13,Iraq,I,0.00063,0.0025,0.0096,0.2.0+c6fe93b
2026-06-13,Haiti,C,0.00063,0.00264,0.01021,0.2.0+c6fe93b
2026-06-13,Saudi Arabia,H,0.00049,0.00208,0.00873,0.2.0+c6fe93b
2026-06-13,Bosnia and Herzegovina,B,0.00029,0.00162,0.00813,0.2.0+c6fe93b
2026-06-13,South Africa,A,0.00029,0.00105,0.00505,0.2.0+c6fe93b
2026-06-13,Cape Verde,H,0.00015,0.00093,0.00421,0.2.0+c6fe93b
2026-06-13,Ghana,L,0.00013,0.00062,0.0036,0.2.0+c6fe93b
2026-06-13,Curaçao,E,4e-05,0.00039,0.00215,0.2.0+c6fe93b
2026-06-13,Qatar,B,1e-05,0.00011,0.00148,0.2.0+c6fe93b
2026-06-14,Argentina,J,0.15729,0.23764,0.35352,0.2.0+c6fe93b
2026-06-14,Spain,H,0.12706,0.20422,0.31045,0.2.0+c6fe93b
2026-06-14,England,L,0.06444,0.11809,0.20805,0.2.0+c6fe93b
2026-06-14,Morocco,C,0.05797,0.10687,0.19795,0.2.0+c6fe93b
2026-06-14,France,I,0.05624,0.10648,0.19868,0.2.0+c6fe93b
2026-06-14,Japan,F,0.04709,0.09109,0.175,0.2.0+c6fe93b
2026-06-14,Brazil,C,0.04669,0.09156,0.17769,0.2.0+c6fe93b
2026-06-14,Colombia,K,0.04299,0.08512,0.16121,0.2.0+c6fe93b
2026-06-14,Portugal,K,0.0425,0.08552,0.1595,0.2.0+c6fe93b
2026-06-14,Ecuador,E,0.03348,0.07003,0.14394,0.2.0+c6fe93b
2026-06-14,Germany,E,0.02964,0.06519,0.13807,0.2.0+c6fe93b
2026-06-14,Netherlands,F,0.0295,0.06376,0.13352,0.2.0+c6fe93b
2026-06-14,Mexico,A,0.02853,0.06567,0.14428,0.2.0+c6fe93b
2026-06-14,Australia,D,0.02517,0.05807,0.12328,0.2.0+c6fe93b
2026-06-14,Belgium,G,0.02397,0.05456,0.11431,0.2.0+c6fe93b
2026-06-14,Norway,I,0.02184,0.05006,0.10996,0.2.0+c6fe93b
2026-06-14,Algeria,J,0.01821,0.04304,0.09142,0.2.0+c6fe93b
2026-06-14,Senegal,I,0.01684,0.04047,0.09096,0.2.0+c6fe93b
2026-06-14,Iran,G,0.01536,0.03686,0.08429,0.2.0+c6fe93b
2026-06-14,Uruguay,H,0.01453,0.03693,0.08292,0.2.0+c6fe93b
2026-06-14,Croatia,L,0.01405,0.03463,0.07959,0.2.0+c6fe93b
2026-06-14,Switzerland,B,0.0133,0.03314,0.07964,0.2.0+c6fe93b
2026-06-14,South Korea,A,0.01224,0.03253,0.0889,0.2.0+c6fe93b
2026-06-14,Canada,B,0.00959,0.02643,0.06931,0.2.0+c6fe93b
2026-06-14,Austria,J,0.00899,0.02319,0.05728,0.2.0+c6fe93b
2026-06-14,United States,D,0.00754,0.02305,0.06275,0.2.0+c6fe93b
2026-06-14,Ivory Coast,E,0.00747,0.02007,0.05447,0.2.0+c6fe93b
2026-06-14,Scotland,C,0.00507,0.01593,0.04701,0.2.0+c6fe93b
2026-06-14,Egypt,G,0.00385,0.01255,0.03535,0.2.0+c6fe93b
2026-06-14,Turkey,D,0.00374,0.01118,0.03064,0.2.0+c6fe93b
2026-06-14,Uzbekistan,K,0.00278,0.00898,0.02704,0.2.0+c6fe93b
2026-06-14,Panama,L,0.00203,0.00687,0.02211,0.2.0+c6fe93b
2026-06-14,DR Congo,K,0.00188,0.00696,0.02112,0.2.0+c6fe93b
2026-06-14,Paraguay,D,0.00167,0.00535,0.01586,0.2.0+c6fe93b
2026-06-14,Tunisia,F,0.00105,0.00419,0.01492,0.2.0+c6fe93b
2026-06-14,Czech Republic,A,0.00102,0.00366,0.01359,0.2.0+c6fe93b
2026-06-14,Jordan,J,0.00082,0.00328,0.01155,0.2.0+c6fe93b
2026-06-14,New Zealand,G,0.00073,0.00326,0.01185,0.2.0+c6fe93b
2026-06-14,Iraq,I,0.00059,0.0024,0.00896,0.2.0+c6fe93b
2026-06-14,Saudi Arabia,H,0.00056,0.00222,0.00859,0.2.0+c6fe93b
2026-06-14,Sweden,F,0.00053,0.00264,0.01084,0.2.0+c6fe93b
2026-06-14,South Africa,A,0.00028,0.0012,0.00551,0.2.0+c6fe93b
2026-06-14,Haiti,C,0.00025,0.00102,0.00391,0.2.0+c6fe93b
2026-06-14,Bosnia and Herzegovina,B,0.00021,0.00133,0.00723,0.2.0+c6fe93b
2026-06-14,Cape Verde,H,0.00017,0.00089,0.00454,0.2.0+c6fe93b
2026-06-14,Ghana,L,0.00014,0.00092,0.00387,0.2.0+c6fe93b
2026-06-14,Curaçao,E,7e-05,0.00042,0.00216,0.2.0+c6fe93b
2026-06-14,Qatar,B,4e-05,0.00048,0.00241,0.2.0+c6fe93b
2026-06-15,Argentina,J,0.15882,0.24069,0.35449,0.2.0+c6fe93b
2026-06-15,Spain,H,0.12894,0.20581,0.30966,0.2.0+c6fe93b
2026-06-15,England,L,0.06451,0.11813,0.20825,0.2.0+c6fe93b
2026-06-15,France,I,0.05661,0.10521,0.19652,0.2.0+c6fe93b
2026-06-15,Morocco,C,0.05622,0.1057,0.19758,0.2.0+c6fe93b
2026-06-15,Germany,E,0.04465,0.09213,0.18696,0.2.0+c6fe93b
2026-06-15,Brazil,C,0.04442,0.08887,0.17678,0.2.0+c6fe93b
2026-06-15,Japan,F,0.04381,0.08605,0.16683,0.2.0+c6fe93b
2026-06-15,Portugal,K,0.04282,0.08625,0.16017,0.2.0+c6fe93b
2026-06-15,Colombia,K,0.04245,0.08447,0.15911,0.2.0+c6fe93b
2026-06-15,Netherlands,F,0.03059,0.0657,0.13614,0.2.0+c6fe93b
2026-06-15,Mexico,A,0.02864,0.06421,0.14071,0.2.0+c6fe93b
2026-06-15,Australia,D,0.02446,0.05627,0.11986,0.2.0+c6fe93b
2026-06-15,Belgium,G,0.02344,0.05505,0.11552,0.2.0+c6fe93b
2026-06-15,Norway,I,0.02149,0.04895,0.10704,0.2.0+c6fe93b
2026-06-15,Algeria,J,0.01827,0.04261,0.09021,0.2.0+c6fe93b
2026-06-15,Ecuador,E,0.01783,0.03958,0.08601,0.2.0+c6fe93b
2026-06-15,Senegal,I,0.01641,0.03886,0.0886,0.2.0+c6fe93b
2026-06-15,Iran,G,0.01497,0.03688,0.08214,0.2.0+c6fe93b
2026-06-15,Uruguay,H,0.01429,0.03564,0.08187,0.2.0+c6fe93b
2026-06-15,Ivory Coast,E,0.01417,0.03646,0.0934,0.2.0+c6fe93b
2026-06-15,Croatia,L,0.01327,0.0326,0.07693,0.2.0+c6fe93b
2026-06-15,Switzerland,B,0.01293,0.03366,0.08052,0.2.0+c6fe93b
2026-06-15,South Korea,A,0.01162,0.03326,0.08805,0.2.0+c6fe93b
2026-06-15,Canada,B,0.00967,0.02565,0.06784,0.2.0+c6fe93b
2026-06-15,Austria,J,0.00866,0.02299,0.05473,0.2.0+c6fe93b
2026-06-15,United States,D,0.00805,0.02298,0.06248,0.2.0+c6fe93b
2026-06-15,Scotland,C,0.00465,0.0152,0.04659,0.2.0+c6fe93b
2026-06-15,Turkey,D,0.00397,0.01101,0.02926,0.2.0+c6fe93b
2026-06-15,Egypt,G,0.00396,0.01299,0.03638,0.2.0+c6fe93b
2026-06-15,Uzbekistan,K,0.00273,0.00879,0.02647,0.2.0+c6fe93b
2026-06-15,Sweden,F,0.00268,0.00994,0.03436,0.2.0+c6fe93b
2026-06-15,DR Congo,K,0.00202,0.00642,0.02045,0.2.0+c6fe93b
2026-06-15,Panama,L,0.00167,0.00625,0.02081,0.2.0+c6fe93b
2026-06-15,Paraguay,D,0.00156,0.00461,0.01485,0.2.0+c6fe93b
2026-06-15,Czech Republic,A,0.00098,0.0037,0.013,0.2.0+c6fe93b
2026-06-15,Jordan,J,0.00084,0.00312,0.01108,0.2.0+c6fe93b
2026-06-15,New Zealand,G,0.00073,0.00302,0.01124,0.2.0+c6fe93b
2026-06-15,Iraq,I,0.00064,0.00232,0.00875,0.2.0+c6fe93b
2026-06-15,Saudi Arabia,H,0.00044,0.00198,0.00819,0.2.0+c6fe93b
2026-06-15,South Africa,A,0.0003,0.00127,0.00562,0.2.0+c6fe93b
2026-06-15,Cape Verde,H,0.00019,0.00091,0.0043,0.2.0+c6fe93b
2026-06-15,Bosnia and Herzegovina,B,0.00019,0.00142,0.00779,0.2.0+c6fe93b
2026-06-15,Haiti,C,0.00019,0.00078,0.00381,0.2.0+c6fe93b
2026-06-15,Tunisia,F,0.0001,0.00058,0.00239,0.2.0+c6fe93b
2026-06-15,Ghana,L,0.0001,0.00065,0.00344,0.2.0+c6fe93b
2026-06-15,Qatar,B,3e-05,0.00032,0.00244,0.2.0+c6fe93b
2026-06-15,Curaçao,E,2e-05,6e-05,0.00038,0.2.0+c6fe93b
2026-06-16,Argentina,J,0.16922,0.25086,0.36801,0.2.0+9c55de6
2026-06-16,Spain,H,0.10921,0.17648,0.27235,0.2.0+9c55de6
2026-06-16,England,L,0.06677,0.11957,0.21274,0.2.0+9c55de6
2026-06-16,France,I,0.05784,0.10871,0.19796,0.2.0+9c55de6
2026-06-16,Morocco,C,0.05693,0.10578,0.19503,0.2.0+9c55de6
2026-06-16,Brazil,C,0.04514,0.08984,0.17434,0.2.0+9c55de6
2026-06-16,Portugal,K,0.04503,0.08825,0.16404,0.2.0+9c55de6
2026-06-16,Japan,F,0.04468,0.08801,0.16874,0.2.0+9c55de6
2026-06-16,Germany,E,0.04455,0.09255,0.18545,0.2.0+9c55de6
2026-06-16,Colombia,K,0.04376,0.08773,0.165,0.2.0+9c55de6
2026-06-16,Netherlands,F,0.03147,0.06743,0.13681,0.2.0+9c55de6
2026-06-16,Mexico,A,0.02808,0.06379,0.13875,0.2.0+9c55de6
2026-06-16,Australia,D,0.02486,0.05824,0.12495,0.2.0+9c55de6
2026-06-16,Norway,I,0.02281,0.05082,0.10866,0.2.0+9c55de6
2026-06-16,Belgium,G,0.02092,0.04866,0.10412,0.2.0+9c55de6
2026-06-16,Algeria,J,0.02028,0.04695,0.09949,0.2.0+9c55de6
2026-06-16,Ecuador,E,0.01875,0.04076,0.0871,0.2.0+9c55de6
2026-06-16,Senegal,I,0.01664,0.03977,0.08998,0.2.0+9c55de6
2026-06-16,Ivory Coast,E,0.0145,0.03773,0.09369,0.2.0+9c55de6
2026-06-16,Switzerland,B,0.01372,0.0352,0.08276,0.2.0+9c55de6
2026-06-16,Croatia,L,0.01366,0.03408,0.07968,0.2.0+9c55de6
2026-06-16,South Korea,A,0.01222,0.0334,0.08709,0.2.0+9c55de6
2026-06-16,Iran,G,0.01083,0.02803,0.0671,0.2.0+9c55de6
2026-06-16,Uruguay,H,0.01053,0.02807,0.06581,0.2.0+9c55de6
2026-06-16,Canada,B,0.00955,0.02598,0.06756,0.2.0+9c55de6
2026-06-16,Austria,J,0.0094,0.02558,0.06161,0.2.0+9c55de6
2026-06-16,United States,D,0.00822,0.02411,0.06591,0.2.0+9c55de6
2026-06-16,Egypt,G,0.00482,0.01459,0.04107,0.2.0+9c55de6
2026-06-16,Scotland,C,0.00455,0.015,0.04613,0.2.0+9c55de6
2026-06-16,Turkey,D,0.00413,0.01129,0.03052,0.2.0+9c55de6
2026-06-16,Sweden,F,0.00288,0.0112,0.03625,0.2.0+9c55de6
2026-06-16,Uzbekistan,K,0.00273,0.00889,0.02736,0.2.0+9c55de6
2026-06-16,DR Congo,K,0.00203,0.0071,0.02237,0.2.0+9c55de6
2026-06-16,Panama,L,0.00198,0.00702,0.02351,0.2.0+9c55de6
2026-06-16,Paraguay,D,0.00168,0.00516,0.01538,0.2.0+9c55de6
2026-06-16,Czech Republic,A,0.00104,0.00383,0.01349,0.2.0+9c55de6
2026-06-16,Jordan,J,0.00095,0.00366,0.01241,0.2.0+9c55de6
2026-06-16,New Zealand,G,0.00093,0.00379,0.01447,0.2.0+9c55de6
2026-06-16,Iraq,I,0.00063,0.00248,0.00919,0.2.0+9c55de6
2026-06-16,Saudi Arabia,H,0.00058,0.00251,0.01037,0.2.0+9c55de6
2026-06-16,Haiti,C,0.0003,0.00104,0.00405,0.2.0+9c55de6
2026-06-16,Cape Verde,H,0.00029,0.00177,0.00799,0.2.0+9c55de6
2026-06-16,Bosnia and Herzegovina,B,0.00027,0.00162,0.00775,0.2.0+9c55de6
2026-06-16,South Africa,A,0.00022,0.00106,0.00483,0.2.0+9c55de6
2026-06-16,Tunisia,F,0.00019,0.00054,0.00195,0.2.0+9c55de6
2026-06-16,Ghana,L,0.00017,0.00068,0.00348,0.2.0+9c55de6
2026-06-16,Qatar,B,5e-05,0.00034,0.00238,0.2.0+9c55de6
2026-06-16,Curaçao,E,1e-05,5e-05,0.00032,0.2.0+9c55de6
2026-06-17,Argentina,J,0.20566,0.29854,0.43035,0.2.0+c7f5512
2026-06-17,Spain,H,0.1015,0.1727,0.26974,0.2.0+c7f5512
2026-06-17,France,I,0.07608,0.13937,0.24921,0.2.0+c7f5512
2026-06-17,England,L,0.06114,0.11225,0.20725,0.2.0+c7f5512
2026-06-17,Morocco,C,0.05308,0.10179,0.19022,0.2.0+c7f5512
2026-06-17,Brazil,C,0.04288,0.08519,0.16753,0.2.0+c7f5512
2026-06-17,Germany,E,0.04235,0.08927,0.1774,0.2.0+c7f5512
2026-06-17,Portugal,K,0.04132,0.08303,0.16042,0.2.0+c7f5512
2026-06-17,Japan,F,0.04103,0.08282,0.16361,0.2.0+c7f5512
2026-06-17,Colombia,K,0.03927,0.08058,0.1564,0.2.0+c7f5512
2026-06-17,Norway,I,0.03333,0.07374,0.15663,0.2.0+c7f5512
2026-06-17,Netherlands,F,0.02897,0.06312,0.13225,0.2.0+c7f5512
2026-06-17,Mexico,A,0.02539,0.05939,0.1373,0.2.0+c7f5512
2026-06-17,Australia,D,0.02345,0.0566,0.12223,0.2.0+c7f5512
2026-06-17,Belgium,G,0.0203,0.04775,0.10131,0.2.0+c7f5512
2026-06-17,Austria,J,0.01749,0.04596,0.10422,0.2.0+c7f5512
2026-06-17,Ecuador,E,0.01623,0.03665,0.08322,0.2.0+c7f5512
2026-06-17,Croatia,L,0.01348,0.03338,0.08033,0.2.0+c7f5512
2026-06-17,Ivory Coast,E,0.01279,0.0344,0.08796,0.2.0+c7f5512
2026-06-17,Switzerland,B,0.01261,0.03258,0.07691,0.2.0+c7f5512
2026-06-17,South Korea,A,0.01199,0.03404,0.08544,0.2.0+c7f5512
2026-06-17,Algeria,J,0.01026,0.02636,0.05957,0.2.0+c7f5512
2026-06-17,Uruguay,H,0.00974,0.02564,0.06095,0.2.0+c7f5512
2026-06-17,Iran,G,0.00956,0.02549,0.06191,0.2.0+c7f5512
2026-06-17,Senegal,I,0.00843,0.02204,0.0543,0.2.0+c7f5512
2026-06-17,Canada,B,0.00826,0.02366,0.06264,0.2.0+c7f5512
2026-06-17,United States,D,0.0072,0.02206,0.06197,0.2.0+c7f5512
2026-06-17,Scotland,C,0.00412,0.01434,0.04276,0.2.0+c7f5512
2026-06-17,Egypt,G,0.00401,0.01282,0.03714,0.2.0+c7f5512
2026-06-17,Turkey,D,0.00342,0.0099,0.02653,0.2.0+c7f5512
2026-06-17,Uzbekistan,K,0.00277,0.00859,0.02613,0.2.0+c7f5512
2026-06-17,Sweden,F,0.0026,0.00979,0.03343,0.2.0+c7f5512
2026-06-17,DR Congo,K,0.0022,0.00698,0.02213,0.2.0+c7f5512
2026-06-17,Panama,L,0.00192,0.007,0.02352,0.2.0+c7f5512
2026-06-17,Paraguay,D,0.00117,0.00443,0.01306,0.2.0+c7f5512
2026-06-17,New Zealand,G,0.0011,0.0039,0.01388,0.2.0+c7f5512
2026-06-17,Czech Republic,A,0.00076,0.00357,0.01368,0.2.0+c7f5512
2026-06-17,Saudi Arabia,H,0.00057,0.00242,0.00962,0.2.0+c7f5512
2026-06-17,Bosnia and Herzegovina,B,0.00032,0.00153,0.0073,0.2.0+c7f5512
2026-06-17,Cape Verde,H,0.00024,0.00147,0.00702,0.2.0+c7f5512
2026-06-17,Haiti,C,0.00023,0.00084,0.00335,0.2.0+c7f5512
2026-06-17,Jordan,J,0.00021,0.00096,0.00366,0.2.0+c7f5512
2026-06-17,South Africa,A,0.0002,0.00106,0.00494,0.2.0+c7f5512
2026-06-17,Ghana,L,0.00014,0.00064,0.00363,0.2.0+c7f5512
2026-06-17,Iraq,I,0.00011,0.00056,0.00249,0.2.0+c7f5512
2026-06-17,Tunisia,F,8e-05,0.00044,0.00199,0.2.0+c7f5512
2026-06-17,Qatar,B,3e-05,0.00029,0.00203,0.2.0+c7f5512
2026-06-17,Curaçao,E,1e-05,7e-05,0.00044,0.2.0+c7f5512
2026-06-18,Argentina,J,0.20369,0.29713,0.43196,0.2.0+07b892b
2026-06-18,Spain,H,0.10242,0.17486,0.27611,0.2.0+07b892b
2026-06-18,France,I,0.07478,0.13872,0.24729,0.2.0+07b892b
2026-06-18,England,L,0.07441,0.13181,0.24713,0.2.0+07b892b
2026-06-18,Colombia,K,0.05764,0.11234,0.21116,0.2.0+07b892b
2026-06-18,Morocco,C,0.05062,0.09834,0.18527,0.2.0+07b892b
2026-06-18,Brazil,C,0.0406,0.08399,0.1641,0.2.0+07b892b
2026-06-18,Germany,E,0.04058,0.08775,0.17433,0.2.0+07b892b
2026-06-18,Japan,F,0.04044,0.08152,0.15846,0.2.0+07b892b
2026-06-18,Portugal,K,0.03413,0.07213,0.14255,0.2.0+07b892b
2026-06-18,Norway,I,0.03232,0.07254,0.15234,0.2.0+07b892b
2026-06-18,Netherlands,F,0.02768,0.06104,0.12885,0.2.0+07b892b
2026-06-18,Mexico,A,0.02561,0.0575,0.13015,0.2.0+07b892b
2026-06-18,Australia,D,0.02263,0.05471,0.12122,0.2.0+07b892b
2026-06-18,Belgium,G,0.0195,0.04631,0.10081,0.2.0+07b892b
2026-06-18,Austria,J,0.0176,0.04659,0.10759,0.2.0+07b892b
2026-06-18,Ecuador,E,0.01659,0.03691,0.08251,0.2.0+07b892b
2026-06-18,Ivory Coast,E,0.01247,0.03304,0.08532,0.2.0+07b892b
2026-06-18,Switzerland,B,0.01157,0.03151,0.07485,0.2.0+07b892b
2026-06-18,South Korea,A,0.01092,0.03191,0.0837,0.2.0+07b892b
2026-06-18,Algeria,J,0.01089,0.02743,0.06238,0.2.0+07b892b
2026-06-18,Uruguay,H,0.01002,0.02589,0.06182,0.2.0+07b892b
2026-06-18,Iran,G,0.00903,0.02517,0.06164,0.2.0+07b892b
2026-06-18,Senegal,I,0.00867,0.02226,0.05607,0.2.0+07b892b
2026-06-18,Canada,B,0.0078,0.0231,0.06267,0.2.0+07b892b
2026-06-18,Croatia,L,0.00691,0.0203,0.05237,0.2.0+07b892b
2026-06-18,United States,D,0.00667,0.02117,0.06095,0.2.0+07b892b
2026-06-18,Scotland,C,0.00434,0.01436,0.04273,0.2.0+07b892b
2026-06-18,Egypt,G,0.00415,0.01335,0.03729,0.2.0+07b892b
2026-06-18,Turkey,D,0.00353,0.01027,0.02871,0.2.0+07b892b
2026-06-18,Sweden,F,0.00278,0.00945,0.0324,0.2.0+07b892b
2026-06-18,DR Congo,K,0.0024,0.00895,0.02784,0.2.0+07b892b
2026-06-18,Paraguay,D,0.00132,0.00439,0.01399,0.2.0+07b892b
2026-06-18,Uzbekistan,K,0.00109,0.00418,0.01332,0.2.0+07b892b
2026-06-18,New Zealand,G,0.00084,0.00364,0.0133,0.2.0+07b892b
2026-06-18,Saudi Arabia,H,0.00059,0.00229,0.00937,0.2.0+07b892b
2026-06-18,Panama,L,0.00055,0.00199,0.00709,0.2.0+07b892b
2026-06-18,Ghana,L,0.00047,0.00254,0.01161,0.2.0+07b892b
2026-06-18,Czech Republic,A,0.00035,0.00147,0.00551,0.2.0+07b892b
2026-06-18,Cape Verde,H,0.0003,0.00157,0.00725,0.2.0+07b892b
2026-06-18,Bosnia and Herzegovina,B,0.00026,0.00149,0.00701,0.2.0+07b892b
2026-06-18,Jordan,J,0.00022,0.0011,0.00449,0.2.0+07b892b
2026-06-18,Haiti,C,0.00019,0.0007,0.00342,0.2.0+07b892b
2026-06-18,Iraq,I,0.00015,0.00062,0.00283,0.2.0+07b892b
2026-06-18,South Africa,A,0.00014,0.00084,0.00373,0.2.0+07b892b
2026-06-18,Tunisia,F,0.0001,0.00049,0.00204,0.2.0+07b892b
2026-06-18,Qatar,B,3e-05,0.00029,0.00195,0.2.0+07b892b
2026-06-18,Curaçao,E,1e-05,5e-05,0.00052,0.2.0+07b892b
2026-06-19,Argentina,J,0.20015,0.29187,0.42871,0.2.0+c6ca91b
2026-06-19,Spain,H,0.10062,0.17286,0.27296,0.2.0+c6ca91b
2026-06-19,France,I,0.07391,0.1385,0.24429,0.2.0+c6ca91b
2026-06-19,England,L,0.07354,0.12996,0.23981,0.2.0+c6ca91b
2026-06-19,Colombia,K,0.05581,0.10839,0.20633,0.2.0+c6ca91b
2026-06-19,Morocco,C,0.05172,0.09812,0.1835,0.2.0+c6ca91b
2026-06-19,Germany,E,0.04236,0.09187,0.18141,0.2.0+c6ca91b
2026-06-19,Brazil,C,0.03991,0.08057,0.15995,0.2.0+c6ca91b
2026-06-19,Japan,F,0.03806,0.07812,0.15202,0.2.0+c6ca91b
2026-06-19,Portugal,K,0.03322,0.07062,0.14015,0.2.0+c6ca91b
2026-06-19,Norway,I,0.03259,0.07179,0.15297,0.2.0+c6ca91b
2026-06-19,Mexico,A,0.02829,0.05854,0.13343,0.2.0+c6ca91b
2026-06-19,Netherlands,F,0.02606,0.05764,0.12354,0.2.0+c6ca91b
2026-06-19,Australia,D,0.02336,0.05665,0.12307,0.2.0+c6ca91b
2026-06-19,Switzerland,B,0.0197,0.05049,0.1154,0.2.0+c6ca91b
2026-06-19,Belgium,G,0.01941,0.04686,0.10081,0.2.0+c6ca91b
2026-06-19,Austria,J,0.01687,0.04573,0.10684,0.2.0+c6ca91b
2026-06-19,Ecuador,E,0.01575,0.03506,0.08064,0.2.0+c6ca91b
2026-06-19,Canada,B,0.01303,0.03457,0.08609,0.2.0+c6ca91b
2026-06-19,Ivory Coast,E,0.01302,0.03533,0.08827,0.2.0+c6ca91b
2026-06-19,Algeria,J,0.00976,0.02641,0.06019,0.2.0+c6ca91b
2026-06-19,Uruguay,H,0.00954,0.02539,0.06179,0.2.0+c6ca91b
2026-06-19,Iran,G,0.00875,0.02349,0.05905,0.2.0+c6ca91b
2026-06-19,Senegal,I,0.00852,0.02223,0.05468,0.2.0+c6ca91b
2026-06-19,South Korea,A,0.00844,0.02532,0.06511,0.2.0+c6ca91b
2026-06-19,Croatia,L,0.00741,0.0208,0.05178,0.2.0+c6ca91b
2026-06-19,United States,D,0.0069,0.02309,0.06552,0.2.0+c6ca91b
2026-06-19,Scotland,C,0.00423,0.01423,0.04112,0.2.0+c6ca91b
2026-06-19,Egypt,G,0.00379,0.01182,0.03621,0.2.0+c6ca91b
2026-06-19,Turkey,D,0.00339,0.01003,0.02684,0.2.0+c6ca91b
2026-06-19,DR Congo,K,0.00261,0.00864,0.02754,0.2.0+c6ca91b
2026-06-19,Sweden,F,0.00234,0.0087,0.03079,0.2.0+c6ca91b
2026-06-19,Paraguay,D,0.00161,0.00476,0.01387,0.2.0+c6ca91b
2026-06-19,Uzbekistan,K,0.00131,0.00448,0.01457,0.2.0+c6ca91b
2026-06-19,New Zealand,G,0.00098,0.00325,0.01235,0.2.0+c6ca91b
2026-06-19,Saudi Arabia,H,0.00055,0.00216,0.00892,0.2.0+c6ca91b
2026-06-19,Panama,L,0.00048,0.00199,0.0068,0.2.0+c6ca91b
2026-06-19,Ghana,L,0.00042,0.00212,0.01063,0.2.0+c6ca91b
2026-06-19,Czech Republic,A,0.00036,0.0013,0.00459,0.2.0+c6ca91b
2026-06-19,Cape Verde,H,0.00033,0.00153,0.00735,0.2.0+c6ca91b
2026-06-19,South Africa,A,0.00022,0.00086,0.00341,0.2.0+c6ca91b
2026-06-19,Haiti,C,0.00021,0.00088,0.00315,0.2.0+c6ca91b
2026-06-19,Jordan,J,0.00017,0.00092,0.00388,0.2.0+c6ca91b
2026-06-19,Tunisia,F,0.00011,0.00043,0.00203,0.2.0+c6ca91b
2026-06-19,Bosnia and Herzegovina,B,0.0001,0.00097,0.00396,0.2.0+c6ca91b
2026-06-19,Iraq,I,8e-05,0.00049,0.00249,0.2.0+c6ca91b
2026-06-19,Qatar,B,1e-05,0.00011,0.00084,0.2.0+c6ca91b
2026-06-19,Curaçao,E,0.0,6e-05,0.00035,0.2.0+c6ca91b
2026-06-20,Argentina,J,0.19785,0.28757,0.42693,0.2.0+7954b0d
2026-06-20,Spain,H,0.10033,0.17254,0.27545,0.2.0+7954b0d
2026-06-20,France,I,0.0732,0.13453,0.23923,0.2.0+7954b0d
2026-06-20,England,L,0.0714,0.12827,0.23848,0.2.0+7954b0d
2026-06-20,Morocco,C,0.06475,0.12465,0.22275,0.2.0+7954b0d
2026-06-20,Colombia,K,0.05685,0.11084,0.20922,0.2.0+7954b0d
2026-06-20,Brazil,C,0.05121,0.09906,0.19245,0.2.0+7954b0d
2026-06-20,Germany,E,0.04068,0.08863,0.17605,0.2.0+7954b0d
2026-06-20,Japan,F,0.0354,0.07285,0.14258,0.2.0+7954b0d
2026-06-20,Portugal,K,0.03279,0.06968,0.13972,0.2.0+7954b0d
2026-06-20,Norway,I,0.0309,0.0692,0.14682,0.2.0+7954b0d
2026-06-20,Mexico,A,0.02671,0.05591,0.12933,0.2.0+7954b0d
2026-06-20,Netherlands,F,0.02419,0.05348,0.11221,0.2.0+7954b0d
2026-06-20,Belgium,G,0.01947,0.04697,0.10283,0.2.0+7954b0d
2026-06-20,Switzerland,B,0.01928,0.04858,0.10968,0.2.0+7954b0d
2026-06-20,Austria,J,0.01714,0.04604,0.10869,0.2.0+7954b0d
2026-06-20,Ecuador,E,0.01565,0.03608,0.08256,0.2.0+7954b0d
2026-06-20,United States,D,0.01287,0.0392,0.09977,0.2.0+7954b0d
2026-06-20,Canada,B,0.01247,0.03346,0.08495,0.2.0+7954b0d
2026-06-20,Ivory Coast,E,0.01208,0.03331,0.0845,0.2.0+7954b0d
2026-06-20,Australia,D,0.01131,0.03023,0.07328,0.2.0+7954b0d
2026-06-20,Algeria,J,0.00991,0.02685,0.06175,0.2.0+7954b0d
2026-06-20,Uruguay,H,0.00923,0.02532,0.06316,0.2.0+7954b0d
2026-06-20,Iran,G,0.00895,0.02378,0.05939,0.2.0+7954b0d
2026-06-20,Senegal,I,0.00888,0.02269,0.0557,0.2.0+7954b0d
2026-06-20,South Korea,A,0.00843,0.02445,0.06251,0.2.0+7954b0d
2026-06-20,Croatia,L,0.00707,0.02042,0.05193,0.2.0+7954b0d
2026-06-20,Paraguay,D,0.00441,0.01367,0.03869,0.2.0+7954b0d
2026-06-20,Egypt,G,0.00378,0.01202,0.03499,0.2.0+7954b0d
2026-06-20,Scotland,C,0.00318,0.01093,0.03214,0.2.0+7954b0d
2026-06-20,Sweden,F,0.00247,0.00811,0.02759,0.2.0+7954b0d
2026-06-20,DR Congo,K,0.00234,0.00891,0.02842,0.2.0+7954b0d
2026-06-20,Uzbekistan,K,0.00094,0.00376,0.01316,0.2.0+7954b0d
2026-06-20,New Zealand,G,0.0007,0.00315,0.01247,0.2.0+7954b0d
2026-06-20,Panama,L,0.00052,0.00189,0.00686,0.2.0+7954b0d
2026-06-20,Turkey,D,0.00052,0.00174,0.005,0.2.0+7954b0d
2026-06-20,Ghana,L,0.00043,0.00246,0.01097,0.2.0+7954b0d
2026-06-20,Saudi Arabia,H,0.00042,0.00227,0.01003,0.2.0+7954b0d
2026-06-20,Jordan,J,0.00025,0.00115,0.00401,0.2.0+7954b0d
2026-06-20,Cape Verde,H,0.00024,0.00151,0.00686,0.2.0+7954b0d
2026-06-20,Czech Republic,A,0.00022,0.00107,0.00399,0.2.0+7954b0d
2026-06-20,South Africa,A,0.00019,0.00077,0.0031,0.2.0+7954b0d
2026-06-20,Bosnia and Herzegovina,B,0.00015,0.00075,0.00415,0.2.0+7954b0d
2026-06-20,Tunisia,F,0.00011,0.00049,0.00175,0.2.0+7954b0d
2026-06-20,Iraq,I,0.0001,0.00058,0.00252,0.2.0+7954b0d
2026-06-20,Qatar,B,2e-05,0.0001,0.00093,0.2.0+7954b0d
2026-06-20,Haiti,C,1e-05,3e-05,0.00013,0.2.0+7954b0d
2026-06-20,Curaçao,E,0.0,5e-05,0.00032,0.2.0+7954b0d
2026-06-21,Argentina,J,0.19877,0.2909,0.43222,0.2.0+502c00e
2026-06-21,Spain,H,0.10041,0.17403,0.27998,0.2.0+502c00e
2026-06-21,England,L,0.07291,0.13023,0.24195,0.2.0+502c00e
2026-06-21,France,I,0.06849,0.12897,0.23136,0.2.0+502c00e
2026-06-21,Morocco,C,0.05722,0.10966,0.1995,0.2.0+502c00e
2026-06-21,Colombia,K,0.05531,0.11004,0.21055,0.2.0+502c00e
2026-06-21,Germany,E,0.05104,0.11282,0.21183,0.2.0+502c00e
2026-06-21,Japan,F,0.04967,0.09679,0.18039,0.2.0+502c00e
2026-06-21,Brazil,C,0.04753,0.09194,0.17644,0.2.0+502c00e
2026-06-21,Netherlands,F,0.03456,0.07279,0.1457,0.2.0+502c00e
2026-06-21,Portugal,K,0.03247,0.07022,0.14325,0.2.0+502c00e
2026-06-21,Norway,I,0.03037,0.06829,0.14584,0.2.0+502c00e
2026-06-21,Mexico,A,0.02713,0.05843,0.1342,0.2.0+502c00e
2026-06-21,Belgium,G,0.01838,0.04542,0.10147,0.2.0+502c00e
2026-06-21,Switzerland,B,0.01828,0.04596,0.10328,0.2.0+502c00e
2026-06-21,Austria,J,0.0168,0.04572,0.11055,0.2.0+502c00e
2026-06-21,United States,D,0.01266,0.04002,0.10699,0.2.0+502c00e
2026-06-21,Canada,B,0.012,0.03256,0.08367,0.2.0+502c00e
2026-06-21,Australia,D,0.0118,0.03004,0.07516,0.2.0+502c00e
2026-06-21,Algeria,J,0.01035,0.02677,0.06544,0.2.0+502c00e
2026-06-21,Uruguay,H,0.00953,0.02592,0.0647,0.2.0+502c00e
2026-06-21,Senegal,I,0.00877,0.0228,0.05777,0.2.0+502c00e
2026-06-21,Iran,G,0.00831,0.02393,0.06023,0.2.0+502c00e
2026-06-21,South Korea,A,0.00749,0.02206,0.05745,0.2.0+502c00e
2026-06-21,Ivory Coast,E,0.00726,0.01896,0.05334,0.2.0+502c00e
2026-06-21,Croatia,L,0.00648,0.01955,0.05271,0.2.0+502c00e
2026-06-21,Ecuador,E,0.00566,0.01333,0.03192,0.2.0+502c00e
2026-06-21,Paraguay,D,0.00459,0.01377,0.03796,0.2.0+502c00e
2026-06-21,Egypt,G,0.00392,0.01317,0.03708,0.2.0+502c00e
2026-06-21,Scotland,C,0.00287,0.00962,0.02977,0.2.0+502c00e
2026-06-21,DR Congo,K,0.00286,0.0087,0.02838,0.2.0+502c00e
2026-06-21,Sweden,F,0.00122,0.00498,0.01995,0.2.0+502c00e
2026-06-21,Uzbekistan,K,0.0012,0.00417,0.01468,0.2.0+502c00e
2026-06-21,New Zealand,G,0.00072,0.00313,0.01249,0.2.0+502c00e
2026-06-21,Turkey,D,0.00061,0.00169,0.00488,0.2.0+502c00e
2026-06-21,Panama,L,0.00043,0.00181,0.00713,0.2.0+502c00e
2026-06-21,Ghana,L,0.00042,0.00218,0.01166,0.2.0+502c00e
2026-06-21,Saudi Arabia,H,0.00035,0.00235,0.01045,0.2.0+502c00e
2026-06-21,Jordan,J,0.0003,0.00117,0.00474,0.2.0+502c00e
2026-06-21,Cape Verde,H,0.00027,0.00165,0.00781,0.2.0+502c00e
2026-06-21,Czech Republic,A,0.00021,0.00116,0.0042,0.2.0+502c00e
2026-06-21,Bosnia and Herzegovina,B,0.00015,0.00081,0.0038,0.2.0+502c00e
2026-06-21,South Africa,A,0.00011,0.00065,0.00277,0.2.0+502c00e
2026-06-21,Iraq,I,0.0001,0.00059,0.00285,0.2.0+502c00e
2026-06-21,Curaçao,E,1e-05,0.00011,0.00052,0.2.0+502c00e
2026-06-21,Qatar,B,1e-05,0.00013,0.00082,0.2.0+502c00e
2026-06-21,Haiti,C,0.0,1e-05,0.00016,0.2.0+502c00e
2026-06-21,Tunisia,F,0.0,0.0,1e-05,0.2.0+502c00e
2026-06-22,Argentina,J,0.20103,0.30061,0.44753,0.2.0+3d9feca
2026-06-22,Spain,H,0.12895,0.21798,0.3419,0.2.0+3d9feca
2026-06-22,England,L,0.07107,0.12784,0.23926,0.2.0+3d9feca
2026-06-22,France,I,0.06609,0.12649,0.23049,0.2.0+3d9feca
2026-06-22,Morocco,C,0.05561,0.10863,0.2019,0.2.0+3d9feca
2026-06-22,Colombia,K,0.0536,0.10674,0.20488,0.2.0+3d9feca
2026-06-22,Germany,E,0.04987,0.10756,0.21067,0.2.0+3d9feca
2026-06-22,Japan,F,0.04727,0.09365,0.17886,0.2.0+3d9feca
2026-06-22,Brazil,C,0.04407,0.08825,0.17628,0.2.0+3d9feca
2026-06-22,Netherlands,F,0.03344,0.07141,0.1464,0.2.0+3d9feca
2026-06-22,Portugal,K,0.03009,0.06658,0.13567,0.2.0+3d9feca
2026-06-22,Norway,I,0.02961,0.06665,0.14461,0.2.0+3d9feca
2026-06-22,Mexico,A,0.02662,0.05874,0.13454,0.2.0+3d9feca
2026-06-22,Belgium,G,0.01764,0.04146,0.09287,0.2.0+3d9feca
2026-06-22,Switzerland,B,0.01643,0.04303,0.10138,0.2.0+3d9feca
2026-06-22,Austria,J,0.01481,0.04093,0.09869,0.2.0+3d9feca
2026-06-22,United States,D,0.01257,0.03749,0.09935,0.2.0+3d9feca
2026-06-22,Canada,B,0.01134,0.03137,0.08294,0.2.0+3d9feca
2026-06-22,Australia,D,0.0108,0.02882,0.07105,0.2.0+3d9feca
2026-06-22,Iran,G,0.00955,0.02666,0.06556,0.2.0+3d9feca
2026-06-22,Algeria,J,0.00857,0.02392,0.0576,0.2.0+3d9feca
2026-06-22,Senegal,I,0.00823,0.02184,0.05594,0.2.0+3d9feca
2026-06-22,Egypt,G,0.00813,0.02467,0.06897,0.2.0+3d9feca
2026-06-22,Ivory Coast,E,0.00701,0.01931,0.05353,0.2.0+3d9feca
2026-06-22,South Korea,A,0.00675,0.02089,0.05759,0.2.0+3d9feca
2026-06-22,Croatia,L,0.00613,0.01857,0.04871,0.2.0+3d9feca
2026-06-22,Ecuador,E,0.00549,0.01253,0.02979,0.2.0+3d9feca
2026-06-22,Uruguay,H,0.00519,0.01508,0.04034,0.2.0+3d9feca
2026-06-22,Paraguay,D,0.0041,0.0127,0.0364,0.2.0+3d9feca
2026-06-22,Scotland,C,0.00273,0.00952,0.03096,0.2.0+3d9feca
2026-06-22,DR Congo,K,0.00237,0.00837,0.02652,0.2.0+3d9feca
2026-06-22,Sweden,F,0.00124,0.00485,0.01945,0.2.0+3d9feca
2026-06-22,Uzbekistan,K,0.00088,0.00366,0.01335,0.2.0+3d9feca
2026-06-22,Turkey,D,0.00047,0.0017,0.0049,0.2.0+3d9feca
2026-06-22,Panama,L,0.00046,0.00175,0.0066,0.2.0+3d9feca
2026-06-22,Ghana,L,0.00033,0.00221,0.01028,0.2.0+3d9feca
2026-06-22,Czech Republic,A,0.00031,0.00104,0.00377,0.2.0+3d9feca
2026-06-22,Cape Verde,H,0.00031,0.00175,0.00836,0.2.0+3d9feca
2026-06-22,Jordan,J,0.00021,0.00099,0.00423,0.2.0+3d9feca
2026-06-22,Iraq,I,0.00017,0.0007,0.00281,0.2.0+3d9feca
2026-06-22,Saudi Arabia,H,0.00016,0.00102,0.00455,0.2.0+3d9feca
2026-06-22,New Zealand,G,0.00011,0.00063,0.00275,0.2.0+3d9feca
2026-06-22,Bosnia and Herzegovina,B,9e-05,0.0007,0.00377,0.2.0+3d9feca
2026-06-22,South Africa,A,6e-05,0.00049,0.00243,0.2.0+3d9feca
2026-06-22,Qatar,B,3e-05,0.00013,0.00084,0.2.0+3d9feca
2026-06-22,Curaçao,E,1e-05,9e-05,0.00059,0.2.0+3d9feca
2026-06-22,Haiti,C,0.0,0.0,0.00013,0.2.0+3d9feca
2026-06-22,Tunisia,F,0.0,0.0,1e-05,0.2.0+3d9feca
2026-06-23,Argentina,J,0.23196,0.33725,0.48916,0.2.0+e520d86
2026-06-23,Spain,H,0.12771,0.22514,0.35961,0.2.0+e520d86
2026-06-23,France,I,0.07631,0.14552,0.25576,0.2.0+e520d86
2026-06-23,England,L,0.06578,0.12072,0.23846,0.2.0+e520d86
2026-06-23,Morocco,C,0.0531,0.10506,0.197,0.2.0+e520d86
2026-06-23,Colombia,K,0.04918,0.09907,0.19251,0.2.0+e520d86
2026-06-23,Germany,E,0.04552,0.10609,0.20082,0.2.0+e520d86
2026-06-23,Japan,F,0.04531,0.08898,0.17301,0.2.0+e520d86
2026-06-23,Brazil,C,0.0413,0.08378,0.17215,0.2.0+e520d86
2026-06-23,Netherlands,F,0.03186,0.06844,0.1425,0.2.0+e520d86
2026-06-23,Norway,I,0.03005,0.06746,0.15403,0.2.0+e520d86
2026-06-23,Portugal,K,0.02966,0.06472,0.13592,0.2.0+e520d86
2026-06-23,Mexico,A,0.02399,0.05453,0.13487,0.2.0+e520d86
2026-06-23,Belgium,G,0.0153,0.0378,0.08643,0.2.0+e520d86
2026-06-23,Switzerland,B,0.01503,0.04105,0.0957,0.2.0+e520d86
2026-06-23,Algeria,J,0.01379,0.03695,0.08845,0.2.0+e520d86
2026-06-23,United States,D,0.01198,0.03818,0.10359,0.2.0+e520d86
2026-06-23,Austria,J,0.01022,0.03062,0.07794,0.2.0+e520d86
2026-06-23,Canada,B,0.01011,0.02872,0.07418,0.2.0+e520d86
2026-06-23,Australia,D,0.00978,0.02587,0.06292,0.2.0+e520d86
2026-06-23,Iran,G,0.00856,0.02496,0.06138,0.2.0+e520d86
2026-06-23,Egypt,G,0.00783,0.02382,0.06894,0.2.0+e520d86
2026-06-23,Croatia,L,0.00627,0.01836,0.04941,0.2.0+e520d86
2026-06-23,South Korea,A,0.00626,0.02108,0.05555,0.2.0+e520d86
2026-06-23,Ivory Coast,E,0.00579,0.016,0.05036,0.2.0+e520d86
2026-06-23,Uruguay,H,0.00508,0.01538,0.04058,0.2.0+e520d86
2026-06-23,Senegal,I,0.00494,0.01502,0.03946,0.2.0+e520d86
2026-06-23,Ecuador,E,0.00467,0.01149,0.02986,0.2.0+e520d86
2026-06-23,Paraguay,D,0.00392,0.01153,0.03196,0.2.0+e520d86
2026-06-23,Scotland,C,0.00244,0.00941,0.03035,0.2.0+e520d86
2026-06-23,DR Congo,K,0.00211,0.00791,0.0266,0.2.0+e520d86
2026-06-23,Sweden,F,0.00095,0.00418,0.01889,0.2.0+e520d86
2026-06-23,Uzbekistan,K,0.00095,0.00377,0.01357,0.2.0+e520d86
2026-06-23,Turkey,D,0.00049,0.00172,0.00484,0.2.0+e520d86
2026-06-23,Cape Verde,H,0.00036,0.0015,0.00674,0.2.0+e520d86
2026-06-23,Ghana,L,0.00035,0.00219,0.01076,0.2.0+e520d86
2026-06-23,Panama,L,0.00029,0.00163,0.00622,0.2.0+e520d86
2026-06-23,Czech Republic,A,0.0002,0.00104,0.00393,0.2.0+e520d86
2026-06-23,Saudi Arabia,H,0.00015,0.00081,0.00378,0.2.0+e520d86
2026-06-23,Bosnia and Herzegovina,B,0.00012,0.00053,0.00358,0.2.0+e520d86
2026-06-23,New Zealand,G,0.00012,0.00058,0.00244,0.2.0+e520d86
2026-06-23,Iraq,I,8e-05,0.00027,0.00132,0.2.0+e520d86
2026-06-23,South Africa,A,7e-05,0.0005,0.00222,0.2.0+e520d86
2026-06-23,Jordan,J,4e-05,0.00017,0.00082,0.2.0+e520d86
2026-06-23,Haiti,C,1e-05,4e-05,0.00022,0.2.0+e520d86
2026-06-23,Qatar,B,1e-05,0.00011,0.00075,0.2.0+e520d86
2026-06-23,Curaçao,E,0.0,5e-05,0.00046,0.2.0+e520d86
2026-06-23,Tunisia,F,0.0,0.0,0.0,0.2.0+e520d86
2026-06-24,Argentina,J,0.22542,0.33455,0.48008,0.2.0+3f43807
2026-06-24,Spain,H,0.11864,0.20732,0.32715,0.2.0+3f43807
2026-06-24,France,I,0.07223,0.14054,0.25652,0.2.0+3f43807
2026-06-24,England,L,0.05827,0.11186,0.22567,0.2.0+3f43807
2026-06-24,Colombia,K,0.05623,0.11163,0.20871,0.2.0+3f43807
2026-06-24,Morocco,C,0.05307,0.10385,0.19852,0.2.0+3f43807
2026-06-24,Portugal,K,0.05186,0.10845,0.20441,0.2.0+3f43807
2026-06-24,Germany,E,0.04568,0.10238,0.20255,0.2.0+3f43807
2026-06-24,Japan,F,0.0449,0.08929,0.17605,0.2.0+3f43807
2026-06-24,Brazil,C,0.0419,0.08479,0.17842,0.2.0+3f43807
2026-06-24,Netherlands,F,0.03054,0.06838,0.14611,0.2.0+3f43807
2026-06-24,Norway,I,0.03005,0.06771,0.15641,0.2.0+3f43807
2026-06-24,Mexico,A,0.02651,0.05864,0.14642,0.2.0+3f43807
2026-06-24,Belgium,G,0.01485,0.03578,0.07978,0.2.0+3f43807
2026-06-24,Switzerland,B,0.01478,0.03943,0.09385,0.2.0+3f43807
2026-06-24,Algeria,J,0.0127,0.0342,0.08048,0.2.0+3f43807
2026-06-24,United States,D,0.01194,0.03676,0.09855,0.2.0+3f43807
2026-06-24,Canada,B,0.01024,0.02861,0.0729,0.2.0+3f43807
2026-06-24,Australia,D,0.00976,0.0252,0.06085,0.2.0+3f43807
2026-06-24,Austria,J,0.00873,0.02632,0.06708,0.2.0+3f43807
2026-06-24,Croatia,L,0.00873,0.02481,0.06685,0.2.0+3f43807
2026-06-24,Iran,G,0.00773,0.02215,0.05533,0.2.0+3f43807
2026-06-24,Egypt,G,0.00669,0.02156,0.06042,0.2.0+3f43807
2026-06-24,Ivory Coast,E,0.00659,0.01738,0.05326,0.2.0+3f43807
2026-06-24,South Korea,A,0.00637,0.01962,0.05431,0.2.0+3f43807
2026-06-24,Senegal,I,0.00506,0.01466,0.03976,0.2.0+3f43807
2026-06-24,Uruguay,H,0.00495,0.01383,0.03644,0.2.0+3f43807
2026-06-24,Ecuador,E,0.00453,0.01106,0.02889,0.2.0+3f43807
2026-06-24,Paraguay,D,0.00391,0.01133,0.0326,0.2.0+3f43807
2026-06-24,Scotland,C,0.00275,0.00946,0.03236,0.2.0+3f43807
2026-06-24,DR Congo,K,0.00112,0.00402,0.01537,0.2.0+3f43807
2026-06-24,Sweden,F,0.0011,0.00446,0.01914,0.2.0+3f43807
2026-06-24,Ghana,L,0.00061,0.00297,0.01335,0.2.0+3f43807
2026-06-24,Turkey,D,0.00049,0.00145,0.00434,0.2.0+3f43807
2026-06-24,Cape Verde,H,0.00028,0.00125,0.00586,0.2.0+3f43807
2026-06-24,Czech Republic,A,0.00018,0.00095,0.00385,0.2.0+3f43807
2026-06-24,Saudi Arabia,H,0.00015,0.0007,0.00375,0.2.0+3f43807
2026-06-24,Uzbekistan,K,0.00013,0.0005,0.00184,0.2.0+3f43807
2026-06-24,Bosnia and Herzegovina,B,8e-05,0.00057,0.00372,0.2.0+3f43807
2026-06-24,South Africa,A,7e-05,0.0005,0.0024,0.2.0+3f43807
2026-06-24,New Zealand,G,5e-05,0.00038,0.00211,0.2.0+3f43807
2026-06-24,Iraq,I,5e-05,0.00033,0.00118,0.2.0+3f43807
2026-06-24,Haiti,C,3e-05,4e-05,0.00017,0.2.0+3f43807
2026-06-24,Jordan,J,2e-05,0.00013,0.00056,0.2.0+3f43807
2026-06-24,Qatar,B,1e-05,6e-05,0.00062,0.2.0+3f43807
2026-06-24,Curaçao,E,1e-05,7e-05,0.00059,0.2.0+3f43807
2026-06-24,Panama,L,1e-05,7e-05,0.00041,0.2.0+3f43807
2026-06-24,Tunisia,F,0.0,0.0,1e-05,0.2.0+3f43807
2026-06-25,Argentina,J,0.2244,0.33323,0.48082,0.2.0+62cc96b
2026-06-25,Spain,H,0.11749,0.20524,0.32812,0.2.0+62cc96b
2026-06-25,France,I,0.07455,0.14412,0.25867,0.2.0+62cc96b
2026-06-25,England,L,0.0566,0.11055,0.22254,0.2.0+62cc96b
2026-06-25,Morocco,C,0.05589,0.11614,0.20866,0.2.0+62cc96b
2026-06-25,Colombia,K,0.05298,0.10654,0.19907,0.2.0+62cc96b
2026-06-25,Brazil,C,0.05215,0.09644,0.20172,0.2.0+62cc96b
2026-06-25,Portugal,K,0.04989,0.10563,0.20133,0.2.0+62cc96b
2026-06-25,Germany,E,0.04737,0.107,0.20944,0.2.0+62cc96b
2026-06-25,Japan,F,0.04207,0.08534,0.1693,0.2.0+62cc96b
2026-06-25,Norway,I,0.0308,0.06796,0.15613,0.2.0+62cc96b
2026-06-25,Netherlands,F,0.02933,0.06429,0.13808,0.2.0+62cc96b
2026-06-25,Mexico,A,0.02634,0.05854,0.14896,0.2.0+62cc96b
2026-06-25,Switzerland,B,0.01867,0.04271,0.09624,0.2.0+62cc96b
2026-06-25,Belgium,G,0.0142,0.03455,0.07745,0.2.0+62cc96b
2026-06-25,Algeria,J,0.01302,0.03493,0.08464,0.2.0+62cc96b
2026-06-25,United States,D,0.01089,0.03488,0.09724,0.2.0+62cc96b
2026-06-25,Austria,J,0.00978,0.02772,0.07026,0.2.0+62cc96b
2026-06-25,Australia,D,0.00944,0.02411,0.06034,0.2.0+62cc96b
2026-06-25,Croatia,L,0.00851,0.02325,0.06413,0.2.0+62cc96b
2026-06-25,Canada,B,0.00729,0.02396,0.065,0.2.0+62cc96b
2026-06-25,Iran,G,0.00706,0.02071,0.05324,0.2.0+62cc96b
2026-06-25,South Korea,A,0.00663,0.022,0.05985,0.2.0+62cc96b
2026-06-25,Egypt,G,0.0066,0.02153,0.06224,0.2.0+62cc96b
2026-06-25,Senegal,I,0.0053,0.01534,0.04268,0.2.0+62cc96b
2026-06-25,Ivory Coast,E,0.00507,0.01588,0.0507,0.2.0+62cc96b
2026-06-25,Uruguay,H,0.0045,0.01285,0.03443,0.2.0+62cc96b
2026-06-25,Ecuador,E,0.00441,0.01078,0.02797,0.2.0+62cc96b
2026-06-25,Paraguay,D,0.00346,0.01128,0.03287,0.2.0+62cc96b
2026-06-25,Scotland,C,0.00135,0.00459,0.0164,0.2.0+62cc96b
2026-06-25,DR Congo,K,0.00095,0.00331,0.01442,0.2.0+62cc96b
2026-06-25,Sweden,F,0.00089,0.00393,0.018,0.2.0+62cc96b
2026-06-25,Ghana,L,0.00056,0.00272,0.01223,0.2.0+62cc96b
2026-06-25,Turkey,D,0.00049,0.00174,0.00496,0.2.0+62cc96b
2026-06-25,Bosnia and Herzegovina,B,0.00025,0.00189,0.00998,0.2.0+62cc96b
2026-06-25,Cape Verde,H,0.00022,0.00131,0.00623,0.2.0+62cc96b
2026-06-25,Czech Republic,A,0.00017,0.00081,0.00334,0.2.0+62cc96b
2026-06-25,Saudi Arabia,H,0.0001,0.00061,0.00334,0.2.0+62cc96b
2026-06-25,South Africa,A,0.0001,0.0005,0.00291,0.2.0+62cc96b
2026-06-25,Jordan,J,7e-05,0.00016,0.0006,0.2.0+62cc96b
2026-06-25,New Zealand,G,6e-05,0.00033,0.00214,0.2.0+62cc96b
2026-06-25,Iraq,I,4e-05,0.00023,0.0011,0.2.0+62cc96b
2026-06-25,Uzbekistan,K,3e-05,0.00021,0.00127,0.2.0+62cc96b
2026-06-25,Curaçao,E,2e-05,9e-05,0.00061,0.2.0+62cc96b
2026-06-25,Panama,L,1e-05,7e-05,0.00034,0.2.0+62cc96b
2026-06-25,Qatar,B,0.0,0.0,0.0,0.2.0+62cc96b
2026-06-25,Haiti,C,0.0,0.0,0.0,0.2.0+62cc96b
2026-06-25,Tunisia,F,0.0,0.0,1e-05,0.2.0+62cc96b
