match,round,date,rank,p_pairing,home,away,p_home_advances,xg_home,xg_away,score_mode,p_score_mode
73,R32,2026-06-28,1,1.0,South Africa,Canada,0.3634,0.77,1.18,0-1,0.1767
74,R32,2026-06-29,1,1.0,Germany,Bosnia and Herzegovina,0.8105,2.25,0.9,2-0,0.107
75,R32,2026-06-29,1,1.0,Netherlands,Brazil,0.468,1.41,1.54,1-1,0.1244
76,R32,2026-06-29,1,1.0,Morocco,Japan,0.5548,1.08,0.91,1-0,0.1493
77,R32,2026-06-30,1,1.0,France,Paraguay,0.7243,1.61,0.82,1-0,0.1447
78,R32,2026-06-30,1,1.0,Ivory Coast,Norway,0.3966,1.1,1.42,1-1,0.1304
79,R32,2026-06-30,1,1.0,Mexico,Ecuador,0.5564,0.88,0.74,1-0,0.1868
80,R32,2026-07-01,1,1.0,England,DR Congo,0.7669,1.53,0.68,1-0,0.1932
81,R32,2026-07-01,1,1.0,United States,Algeria,0.4102,1.29,1.68,1-1,0.1226
82,R32,2026-07-01,1,1.0,Belgium,Senegal,0.6116,1.67,1.28,1-1,0.1216
83,R32,2026-07-02,1,1.0,Portugal,Croatia,0.6461,1.61,1.05,1-1,0.1257
84,R32,2026-07-02,1,1.0,Spain,Austria,0.8279,1.91,0.69,1-0,0.1542
85,R32,2026-07-02,1,1.0,Switzerland,Sweden,0.713,2.05,1.17,1-1,0.1071
86,R32,2026-07-03,1,1.0,Argentina,Cape Verde,0.894,2.2,0.58,2-0,0.1558
87,R32,2026-07-03,1,1.0,Colombia,Ghana,0.8097,1.66,0.6,1-0,0.1908
88,R32,2026-07-03,1,1.0,Australia,Egypt,0.5472,1.03,0.89,1-0,0.1563
89,Octavos,2026-07-04,1,0.5866,Germany,France,0.3896,1.46,1.86,1-1,0.1104
89,Octavos,2026-07-04,2,0.2238,Germany,Paraguay,0.6316,1.49,0.99,1-1,0.1289
89,Octavos,2026-07-04,3,0.1376,Bosnia and Herzegovina,France,0.1288,0.77,2.37,0-2,0.1246
89,Octavos,2026-07-04,4,0.0519,Bosnia and Herzegovina,Paraguay,0.3108,0.74,1.34,0-1,0.1769
90,Octavos,2026-07-04,1,0.3376,Canada,Brazil,0.3023,0.89,1.56,0-1,0.1375
90,Octavos,2026-07-04,2,0.299,Canada,Netherlands,0.3269,0.98,1.56,0-1,0.1264
90,Octavos,2026-07-04,3,0.1944,South Africa,Brazil,0.2002,0.69,1.77,0-1,0.1615
90,Octavos,2026-07-04,4,0.1691,South Africa,Netherlands,0.2121,0.75,1.77,0-1,0.1515
91,Octavos,2026-07-05,1,0.3355,Morocco,Norway,0.5776,1.35,1.04,1-1,0.1328
91,Octavos,2026-07-05,2,0.2679,Japan,Norway,0.5233,1.46,1.33,1-1,0.1286
91,Octavos,2026-07-05,3,0.2194,Morocco,Ivory Coast,0.6677,1.18,0.67,1-0,0.1988
91,Octavos,2026-07-05,4,0.1773,Japan,Ivory Coast,0.6197,1.26,0.87,1-0,0.1544
92,Octavos,2026-07-05,1,0.4275,Mexico,England,0.3712,0.96,1.38,0-1,0.1384
92,Octavos,2026-07-05,2,0.3395,Ecuador,England,0.3248,0.69,1.21,0-1,0.2006
92,Octavos,2026-07-05,3,0.129,Mexico,DR Congo,0.6559,1.15,0.7,1-0,0.2
92,Octavos,2026-07-05,4,0.1041,Ecuador,DR Congo,0.6115,0.87,0.61,1-0,0.2268
93,Octavos,2026-07-06,1,0.5349,Portugal,Spain,0.2952,0.84,1.51,0-1,0.1548
93,Octavos,2026-07-06,2,0.293,Croatia,Spain,0.1818,0.72,1.92,0-1,0.143
93,Octavos,2026-07-06,3,0.1112,Portugal,Austria,0.668,1.62,1.01,1-1,0.1244
93,Octavos,2026-07-06,4,0.061,Croatia,Austria,0.5265,1.38,1.31,1-1,0.1307
94,Octavos,2026-07-06,1,0.3598,Algeria,Belgium,0.374,1.21,1.64,1-1,0.1234
94,Octavos,2026-07-06,2,0.2518,United States,Belgium,0.3019,1.16,2.03,1-1,0.109
94,Octavos,2026-07-06,3,0.2301,Algeria,Senegal,0.4864,1.38,1.42,1-1,0.1285
94,Octavos,2026-07-06,4,0.1584,United States,Senegal,0.4019,1.32,1.76,1-1,0.119
95,Octavos,2026-07-07,1,0.4889,Argentina,Australia,0.7696,1.58,0.67,1-0,0.1793
95,Octavos,2026-07-07,2,0.4051,Argentina,Egypt,0.8049,1.69,0.64,1-0,0.1813
95,Octavos,2026-07-07,3,0.0582,Cape Verde,Australia,0.3009,0.76,1.4,0-1,0.1677
95,Octavos,2026-07-07,4,0.0478,Cape Verde,Egypt,0.3482,0.83,1.33,0-1,0.1547
96,Octavos,2026-07-07,1,0.577,Switzerland,Colombia,0.4196,1.06,1.32,1-1,0.1332
96,Octavos,2026-07-07,2,0.2326,Sweden,Colombia,0.2294,0.95,2.06,1-1,0.1049
96,Octavos,2026-07-07,3,0.136,Switzerland,Ghana,0.7599,1.65,0.75,1-0,0.1602
96,Octavos,2026-07-07,4,0.0544,Sweden,Ghana,0.5689,1.48,1.22,1-1,0.1291
97,Cuartos,2026-07-09,1,0.1877,France,Brazil,0.5332,1.55,1.43,1-1,0.1233
97,Cuartos,2026-07-09,2,0.1591,France,Netherlands,0.5695,1.68,1.43,1-1,0.1185
97,Cuartos,2026-07-09,3,0.1446,Germany,Brazil,0.4246,1.43,1.7,1-1,0.1178
97,Cuartos,2026-07-09,4,0.1235,Germany,Netherlands,0.4577,1.56,1.7,1-1,0.1144
98,Cuartos,2026-07-10,1,0.248,Spain,Belgium,0.7314,1.69,0.89,1-0,0.1368
98,Cuartos,2026-07-10,2,0.1512,Spain,Algeria,0.8114,1.82,0.73,1-0,0.1631
98,Cuartos,2026-07-10,3,0.1316,Spain,Senegal,0.8082,1.86,0.77,1-0,0.1524
98,Cuartos,2026-07-10,4,0.0926,Portugal,Belgium,0.5259,1.41,1.31,1-1,0.1303
99,Cuartos,2026-07-10,1,0.1694,Morocco,England,0.4433,1.0,1.13,0-1,0.1506
99,Cuartos,2026-07-10,2,0.1339,Norway,England,0.3638,1.26,1.77,1-1,0.1178
99,Cuartos,2026-07-10,3,0.1249,Japan,England,0.3848,1.09,1.42,1-1,0.1299
99,Cuartos,2026-07-10,4,0.0836,Morocco,Mexico,0.5678,1.05,0.81,1-0,0.157
100,Cuartos,2026-07-11,1,0.36,Argentina,Colombia,0.6587,1.41,0.89,1-0,0.143
100,Cuartos,2026-07-11,2,0.2439,Argentina,Switzerland,0.7253,1.71,0.88,1-0,0.1291
100,Cuartos,2026-07-11,3,0.0793,Australia,Colombia,0.3566,0.81,1.23,0-1,0.169
100,Cuartos,2026-07-11,4,0.0592,Argentina,Sweden,0.8708,2.6,0.82,2-0,0.1106
101,Semifinal,2026-07-14,1,0.1386,France,Spain,0.3306,1.0,1.62,1-1,0.1239
101,Semifinal,2026-07-14,2,0.1031,Brazil,Spain,0.3016,0.9,1.6,0-1,0.1372
101,Semifinal,2026-07-14,3,0.0907,Germany,Spain,0.2433,0.92,1.89,0-1,0.1192
101,Semifinal,2026-07-14,4,0.0844,Netherlands,Spain,0.2721,0.91,1.73,0-1,0.1284
102,Semifinal,2026-07-15,1,0.1533,England,Argentina,0.4156,1.1,1.44,1-1,0.1313
102,Semifinal,2026-07-15,2,0.0887,Morocco,Argentina,0.3701,0.81,1.21,0-1,0.1785
102,Semifinal,2026-07-15,3,0.0706,England,Colombia,0.5771,1.32,1.09,1-1,0.1331
102,Semifinal,2026-07-15,4,0.0615,Norway,Argentina,0.2953,1.03,1.88,1-1,0.1141
104,Final,2026-07-19,1,0.1172,Spain,Argentina,0.5588,1.19,1.03,1-1,0.1341
104,Final,2026-07-19,2,0.0571,Spain,England,0.6376,1.45,0.97,1-1,0.129
104,Final,2026-07-19,3,0.0458,France,Argentina,0.3727,1.14,1.61,1-1,0.1257
104,Final,2026-07-19,4,0.0414,Spain,Colombia,0.6982,1.42,0.77,1-0,0.1679
