date,kickoff_utc,group,home,away,city,status,result,p_home,p_draw,p_away,xg_home,xg_away,xg_total,score_1,p_score_1,score_2,p_score_2,score_3,p_score_3,p_over_2.5,p_under_2.5,p_btts,elo_home,elo_away,attack_home,defense_home,attack_away,defense_away,model_version,frozen_at
2026-07-19,,H,Spain,Argentina,East Rutherford,jugado,1-0,0.4026,0.29,0.3074,1.1917,1.0283,2.22,1-1,0.1341,1-0,0.131,0-0,0.1112,0.3837,0.6163,0.4495,2329.1095,2251.4961,1.8559,0.4104,1.9143,0.4486,0.2.0+3e4b778,2026-10-07T02:11:44.094013+00:00
2026-06-29,,F,Netherlands,Morocco,Guadalupe,jugado,1-1,0.3213,0.288,0.3907,1.0512,1.2335,2.2848,1-1,0.1344,0-1,0.1136,1-0,0.1099,0.4007,0.5993,0.4618,2053.3594,2039.1722,1.775,0.6368,1.5093,0.4037,0.2.0+3e4b778,2026-10-07T02:11:44.094013+00:00
2026-06-29,,C,Brazil,Japan,Houston,jugado,2-1,0.4004,0.2783,0.3214,1.3376,1.2207,2.5583,1-1,0.1326,1-0,0.1048,2-1,0.0914,0.4711,0.5289,0.5272,2075.155,1984.3467,1.7864,0.582,1.6525,0.5122,0.2.0+3e4b778,2026-10-07T02:11:44.094013+00:00
2026-06-29,,E,Germany,Paraguay,Foxborough,jugado,1-1,0.4779,0.272,0.25,1.4867,0.9874,2.4741,1-1,0.1289,1-0,0.1169,2-0,0.093,0.4496,0.5504,0.4892,1996.7728,1902.8718,1.8535,0.6877,1.0246,0.6009,0.2.0+3e4b778,2026-10-07T02:11:44.094013+00:00
2026-06-30,,E,Ivory Coast,Norway,Arlington,jugado,1-2,0.2668,0.2738,0.4594,1.0963,1.4216,2.5179,1-1,0.1304,0-1,0.1217,1-2,0.1016,0.4616,0.5384,0.5149,1845.5123,2025.4798,1.2967,0.5296,1.7636,0.6987,0.2.0+3e4b778,2026-10-07T02:11:44.094013+00:00
2026-06-30,,I,France,Sweden,East Rutherford,jugado,3-0,0.6797,0.1945,0.1258,2.5544,1.1295,3.6838,2-1,0.0958,1-1,0.0827,2-0,0.0814,0.7091,0.2909,0.6389,2143.9789,1806.4652,1.8753,0.6173,1.3969,0.9793,0.2.0+3e4b778,2026-10-07T02:11:44.094013+00:00
2026-06-30,,A,Mexico,Ecuador,Mexico City,jugado,2-0,0.4686,0.2973,0.234,1.1398,0.7194,1.8591,1-0,0.1852,0-0,0.1504,1-1,0.1215,0.2859,0.7141,0.3441,2023.176,1962.2508,1.366,0.5335,1.0139,0.4476,0.2.0+3e4b778,2026-10-07T02:11:44.094013+00:00
2026-07-01,,G,Belgium,Senegal,Seattle,jugado,3-2,0.4694,0.2609,0.2697,1.6703,1.2759,2.9461,1-1,0.1216,2-1,0.1004,1-0,0.087,0.5634,0.4366,0.5979,2028.2335,1877.9092,1.8026,0.605,1.6619,0.6407,0.2.0+3e4b778,2026-10-07T02:11:44.094013+00:00
2026-07-01,,L,England,DR Congo,Atlanta,jugado,2-1,0.6146,0.2457,0.1396,1.5306,0.6775,2.208,1-0,0.1932,2-0,0.1316,1-1,0.1107,0.3815,0.6185,0.4012,2200.9764,1811.9708,1.7489,0.5656,1.0699,0.549,0.2.0+3e4b778,2026-10-07T02:11:44.094013+00:00
2026-07-01,,D,United States,Bosnia and Herzegovina,Santa Clara,jugado,2-0,0.6212,0.2192,0.1596,2.2191,1.0953,3.3144,1-1,0.0992,2-1,0.0992,2-0,0.0884,0.6409,0.3591,0.6056,1860.6806,1681.6415,1.3974,0.8369,0.9826,0.8862,0.2.0+3e4b778,2026-10-07T02:11:44.094013+00:00
2026-07-02,,B,Switzerland,Algeria,Vancouver,jugado,2-0,0.4308,0.273,0.2962,1.4326,1.2213,2.6539,1-1,0.13,1-0,0.1051,2-1,0.099,0.4951,0.5049,0.5465,2007.1097,1862.3055,1.523,0.6265,1.5934,0.6236,0.2.0+3e4b778,2026-10-07T02:11:44.094013+00:00
2026-07-02,,K,Portugal,Croatia,Toronto,jugado,2-1,0.4937,0.2637,0.2425,1.6148,1.0538,2.6686,1-1,0.1257,1-0,0.1041,2-1,0.0931,0.4979,0.5021,0.5282,2063.719,1950.8118,1.6847,0.5397,1.411,0.713,0.2.0+3e4b778,2026-10-07T02:11:44.094013+00:00
2026-07-02,,H,Spain,Austria,Inglewood,jugado,3-0,0.6887,0.2083,0.1029,1.908,0.6897,2.5977,1-0,0.1542,2-0,0.1395,2-1,0.1101,0.483,0.517,0.4425,2329.1095,1896.0817,1.8559,0.4104,1.4094,0.6887,0.2.0+3e4b778,2026-10-07T02:11:44.094013+00:00
2026-07-03,,D,Australia,Egypt,Arlington,jugado,1-1,0.3892,0.3042,0.3066,1.0271,0.8895,1.9166,1-0,0.1563,0-0,0.1443,1-1,0.1294,0.3018,0.6982,0.3737,1917.2264,1853.1533,1.2335,0.5534,1.2076,0.5818,0.2.0+3e4b778,2026-10-07T02:11:44.094013+00:00
2026-07-03,,J,Argentina,Cape Verde,Miami Gardens,jugado,3-2,0.7724,0.1662,0.0614,2.1954,0.5812,2.7767,2-0,0.1558,1-0,0.1477,3-0,0.1062,0.5274,0.4726,0.41,2251.4961,1701.1853,1.9143,0.4486,1.0742,0.7831,0.2.0+3e4b778,2026-10-07T02:11:44.094013+00:00
2026-07-03,,K,Colombia,Ghana,Kansas City,jugado,1-0,0.6591,0.2278,0.1131,1.6594,0.6027,2.2621,1-0,0.1908,2-0,0.1474,2-1,0.1024,0.3953,0.6047,0.3801,2088.4312,1685.2989,1.5086,0.5185,0.9826,0.7264,0.2.0+3e4b778,2026-10-07T02:11:44.094013+00:00
2026-07-04,,B,Canada,Morocco,Houston,jugado,0-3,0.1921,0.2812,0.5267,0.6566,1.286,1.9426,0-1,0.1894,0-0,0.1394,0-2,0.1214,0.3084,0.6916,0.3455,1851.4825,2039.1722,1.213,0.6033,1.5093,0.4037,0.2.0+3e4b778,2026-10-07T02:11:44.094013+00:00
2026-07-04,,D,Paraguay,France,Philadelphia,jugado,0-1,0.1775,0.2538,0.5686,0.8157,1.6084,2.4241,0-1,0.1447,1-1,0.119,0-2,0.1159,0.4374,0.5626,0.4544,1902.8718,2143.9789,1.0246,0.6009,1.8753,0.6173,0.2.0+3e4b778,2026-10-07T02:11:44.094013+00:00
2026-07-05,,C,Brazil,Norway,East Rutherford,jugado,1-2,0.4272,0.2618,0.3109,1.6817,1.4062,3.0879,1-1,0.1195,2-1,0.088,1-2,0.0747,0.5937,0.4063,0.625,2075.155,2025.4798,1.7864,0.582,1.7636,0.6987,0.2.0+3e4b778,2026-10-07T02:11:44.094013+00:00
2026-07-05,,A,Mexico,England,Mexico City,jugado,2-3,0.3228,0.2757,0.4015,1.2644,1.3746,2.6389,1-1,0.1313,0-1,0.0997,1-2,0.093,0.4911,0.5089,0.5442,2023.176,2200.9764,1.366,0.5335,1.7489,0.5656,0.2.0+3e4b778,2026-10-07T02:11:44.094013+00:00
2026-07-06,,K,Portugal,Spain,Dallas,jugado,0-1,0.1897,0.2614,0.5489,0.838,1.5088,2.3467,0-1,0.1548,1-1,0.1221,0-2,0.1106,0.4178,0.5822,0.4528,2063.719,2329.1095,1.6847,0.5397,1.8559,0.4104,0.2.0+3e4b778,2026-10-07T02:11:44.094013+00:00
2026-07-06,,D,United States,Belgium,Seattle,jugado,1-4,0.2759,0.2468,0.4773,1.5126,2.0221,3.5347,1-1,0.1028,1-2,0.0861,2-2,0.0758,0.6812,0.3188,0.6879,1860.6806,2028.2335,1.3974,0.8369,1.8026,0.605,0.2.0+3e4b778,2026-10-07T02:11:44.094013+00:00
2026-07-07,,B,Switzerland,Colombia,Vancouver,jugado,0-0,0.2914,0.2824,0.4262,1.0552,1.3186,2.3738,1-1,0.1332,0-1,0.1203,0-0,0.0976,0.424,0.576,0.482,2007.1097,2088.4312,1.523,0.6265,1.5086,0.5185,0.2.0+3e4b778,2026-10-07T02:11:44.094013+00:00
2026-07-07,,J,Argentina,Egypt,Atlanta,jugado,3-2,0.6549,0.2278,0.1173,1.6873,0.64,2.3273,1-0,0.1813,2-0,0.1427,2-1,0.1054,0.4129,0.5871,0.4,2251.4961,1853.1533,1.9143,0.4486,1.2076,0.5818,0.2.0+3e4b778,2026-10-07T02:11:44.094013+00:00
2026-07-09,,I,France,Morocco,Foxborough,jugado,2-0,0.3799,0.2879,0.3322,1.1624,1.1372,2.2997,1-1,0.1348,1-0,0.125,0-0,0.1041,0.4049,0.5951,0.4694,2143.9789,2039.1722,1.8753,0.6173,1.5093,0.4037,0.2.0+3e4b778,2026-10-07T02:11:44.094013+00:00
2026-07-10,,H,Spain,Belgium,Inglewood,jugado,2-1,0.5808,0.2466,0.1726,1.6881,0.8901,2.5782,1-0,0.1368,1-1,0.1173,2-1,0.111,0.4775,0.5225,0.4959,2329.1095,2028.2335,1.8559,0.4104,1.8026,0.605,0.2.0+3e4b778,2026-10-07T02:11:44.094013+00:00
2026-07-11,,I,Norway,England,Miami Gardens,jugado,1-2,0.2497,0.2551,0.4953,1.2631,1.766,3.0291,1-1,0.1178,1-2,0.1025,0-1,0.0847,0.5819,0.4181,0.6085,2025.4798,2200.9764,1.7636,0.6987,1.7489,0.5656,0.2.0+3e4b778,2026-10-07T02:11:44.094013+00:00
2026-07-11,,J,Argentina,Switzerland,Kansas City,jugado,3-1,0.5742,0.248,0.1778,1.7068,0.8807,2.5876,1-0,0.1291,1-1,0.1179,2-0,0.1104,0.4789,0.5211,0.4897,2251.4961,2007.1097,1.9143,0.4486,1.523,0.6265,0.2.0+3e4b778,2026-10-07T02:11:44.094013+00:00
2026-07-14,,I,France,Spain,Arlington,jugado,0-2,0.2189,0.26,0.5211,1.0005,1.6231,2.6236,1-1,0.1239,0-1,0.1167,1-2,0.1007,0.4875,0.5125,0.5173,2143.9789,2329.1095,1.8753,0.6173,1.8559,0.4104,0.2.0+3e4b778,2026-10-07T02:11:44.094013+00:00
2026-07-15,,L,England,Argentina,Atlanta,jugado,1-2,0.2883,0.2757,0.436,1.1028,1.4375,2.5403,1-1,0.1313,0-1,0.1043,1-2,0.0867,0.4663,0.5337,0.5143,2200.9764,2251.4961,1.7489,0.5656,1.9143,0.4486,0.2.0+3e4b778,2026-10-07T02:11:44.094013+00:00
2026-06-28,,A,South Africa,Canada,Inglewood,jugado,0-1,0.2367,0.2929,0.4703,0.7662,1.1821,1.9482,0-1,0.1767,0-0,0.1389,1-1,0.1246,0.3103,0.6897,0.3693,1697.8951,1851.4825,0.9776,0.6707,1.213,0.6033,0.2.0+3e4b778,2026-10-07T02:11:44.094013+00:00
2026-07-18,,I,France,England,Miami Gardens,jugado,4-6,0.3331,0.2682,0.3987,1.3956,1.5152,2.9109,1-1,0.1253,1-2,0.0895,0-1,0.0783,0.5549,0.4451,0.5972,2143.9789,2200.9764,1.8753,0.6173,1.7489,0.5656,0.2.0+3e4b778,2026-10-07T02:11:44.094013+00:00
2026-06-11,2026-06-11T19:00:00+00:00,A,Mexico,South Africa,Mexico City,jugado,2-0,0.6732,0.2188,0.108,1.772,0.6293,2.4013,1-0,0.1737,2-0,0.1461,2-1,0.1039,0.4322,0.5678,0.4019,2023.176,1697.8951,1.366,0.5335,0.9776,0.6707,0.2.0+3e4b778,2026-10-07T02:11:44.094013+00:00
2026-06-11,2026-06-12T02:00:00+00:00,A,South Korea,Czech Republic,Zapopan,jugado,2-1,0.4501,0.2701,0.2798,1.5252,1.1553,2.6804,1-1,0.1286,1-0,0.0981,2-1,0.0917,0.5009,0.4991,0.5436,1844.2406,1760.9188,1.3052,0.6741,1.2587,0.8579,0.2.0+3e4b778,2026-10-07T02:11:44.094013+00:00
2026-06-12,2026-06-12T19:00:00+00:00,B,Canada,Bosnia and Herzegovina,Toronto,jugado,1-1,0.6232,0.2297,0.1471,1.9001,0.8105,2.7106,1-0,0.1204,2-0,0.1193,1-1,0.1093,0.5084,0.4916,0.4785,1851.4825,1681.6415,1.213,0.6033,0.9826,0.8862,0.2.0+3e4b778,2026-10-07T02:11:44.094013+00:00
2026-06-12,2026-06-13T01:00:00+00:00,D,United States,Paraguay,Inglewood,jugado,4-1,0.4196,0.2739,0.3065,1.4569,1.1957,2.6526,1-1,0.1305,1-0,0.0939,2-1,0.0866,0.4941,0.5059,0.5417,1860.6806,1902.8718,1.3974,0.8369,1.0246,0.6009,0.2.0+3e4b778,2026-10-07T02:11:44.094013+00:00
2026-06-13,2026-06-13T19:00:00+00:00,B,Qatar,Switzerland,Santa Clara,jugado,1-1,0.0753,0.1693,0.7554,0.7447,2.4309,3.1756,0-2,0.1253,0-1,0.1027,1-2,0.0996,0.6154,0.3846,0.4941,1539.2008,2007.1097,0.9298,1.131,1.523,0.6265,0.2.0+3e4b778,2026-10-07T02:11:44.094013+00:00
2026-06-13,2026-06-13T22:00:00+00:00,C,Brazil,Morocco,East Rutherford,jugado,1-1,0.3442,0.2929,0.3629,1.0559,1.1307,2.1866,1-1,0.1346,1-0,0.1225,0-1,0.1163,0.3748,0.6252,0.4416,2075.155,2039.1722,1.7864,0.582,1.5093,0.4037,0.2.0+3e4b778,2026-10-07T02:11:44.094013+00:00
2026-06-13,2026-06-14T01:00:00+00:00,C,Haiti,Scotland,Foxborough,jugado,0-1,0.2715,0.2649,0.4636,1.2339,1.5832,2.8171,1-1,0.1251,1-2,0.1027,0-1,0.097,0.5341,0.4659,0.5757,1661.5865,1828.5232,1.3465,0.892,1.1939,0.7423,0.2.0+3e4b778,2026-10-07T02:11:44.094013+00:00
2026-06-13,2026-06-14T04:00:00+00:00,D,Australia,Turkey,Vancouver,jugado,2-0,0.3787,0.2864,0.3349,1.2325,1.1138,2.3463,1-1,0.1348,1-0,0.1081,0-1,0.1066,0.4168,0.5832,0.4786,1917.2264,1928.5648,1.2335,0.5534,1.4054,0.7638,0.2.0+3e4b778,2026-10-07T02:11:44.094013+00:00
2026-06-14,2026-06-14T17:00:00+00:00,E,Germany,Curaçao,Houston,jugado,7-1,0.7267,0.1767,0.0966,2.6415,0.9947,3.6362,2-1,0.096,2-0,0.0921,3-1,0.0826,0.7018,0.2982,0.6004,1996.7728,1591.2083,1.8535,0.6877,1.1118,1.0212,0.2.0+3e4b778,2026-10-07T02:11:44.094013+00:00
2026-06-14,2026-06-14T20:00:00+00:00,F,Netherlands,Japan,Arlington,jugado,2-2,0.3756,0.2758,0.3486,1.334,1.3316,2.6656,1-1,0.1313,1-0,0.0935,2-1,0.0892,0.4974,0.5026,0.5495,2053.3594,1984.3467,1.775,0.6368,1.6525,0.5122,0.2.0+3e4b778,2026-10-07T02:11:44.094013+00:00
2026-06-14,2026-06-14T23:00:00+00:00,E,Ivory Coast,Ecuador,Philadelphia,jugado,1-0,0.2907,0.3244,0.3849,0.7255,0.8462,1.5718,0-1,0.2004,0-0,0.1933,1-0,0.1469,0.2087,0.7913,0.2807,1845.5123,1962.2508,1.2967,0.5296,1.0139,0.4476,0.2.0+3e4b778,2026-10-07T02:11:44.094013+00:00
2026-06-14,2026-06-15T02:00:00+00:00,F,Sweden,Tunisia,Guadalupe,jugado,5-1,0.4549,0.2626,0.2825,1.6397,1.3126,2.9523,1-1,0.1222,2-1,0.0996,1-0,0.0853,0.5647,0.4353,0.6016,1806.4652,1665.2197,1.3969,0.9793,1.0625,0.8064,0.2.0+3e4b778,2026-10-07T02:11:44.094013+00:00
2026-06-15,2026-06-15T16:00:00+00:00,H,Spain,Cape Verde,Atlanta,jugado,0-0,0.7965,0.1544,0.0491,2.1724,0.5124,2.6848,2-0,0.1695,1-0,0.1662,3-0,0.112,0.5057,0.4943,0.3757,2329.1095,1701.1853,1.8559,0.4104,1.0742,0.7831,0.2.0+3e4b778,2026-10-07T02:11:44.094013+00:00
2026-06-15,2026-06-15T19:00:00+00:00,G,Belgium,Egypt,Seattle,jugado,1-1,0.5048,0.2685,0.2267,1.4965,0.9464,2.4429,1-0,0.1308,1-1,0.127,2-0,0.0982,0.4421,0.5579,0.4825,2028.2335,1853.1533,1.8026,0.605,1.2076,0.5818,0.2.0+3e4b778,2026-10-07T02:11:44.094013+00:00
2026-06-15,2026-06-15T22:00:00+00:00,H,Saudi Arabia,Uruguay,Miami Gardens,jugado,1-1,0.2055,0.2906,0.5039,0.6689,1.1815,1.8504,0-1,0.2023,0-0,0.1491,1-1,0.1176,0.2834,0.7166,0.3364,1711.7418,1924.1223,0.9565,0.7322,1.0718,0.5592,0.2.0+3e4b778,2026-10-07T02:11:44.094013+00:00
2026-06-15,2026-06-16T01:00:00+00:00,G,Iran,New Zealand,Inglewood,jugado,2-2,0.5617,0.245,0.1933,1.8296,1.0128,2.8424,1-1,0.1163,1-0,0.1028,2-1,0.1012,0.5397,0.4603,0.5451,1887.2991,1680.4329,1.4083,0.5914,1.2915,0.9361,0.2.0+3e4b778,2026-10-07T02:11:44.094013+00:00
2026-06-16,2026-06-16T19:00:00+00:00,I,France,Senegal,East Rutherford,jugado,3-1,0.5363,0.247,0.2167,1.835,1.216,3.051,1-1,0.1138,2-1,0.113,1-0,0.0921,0.5879,0.4121,0.6098,2143.9789,1877.9092,1.8753,0.6173,1.6619,0.6407,0.2.0+3e4b778,2026-10-07T02:11:44.094013+00:00
2026-06-16,2026-06-16T22:00:00+00:00,I,Iraq,Norway,Foxborough,jugado,1-4,0.1219,0.2116,0.6665,0.8283,2.0512,2.8795,0-2,0.1196,0-1,0.1169,1-2,0.1064,0.5496,0.4504,0.5056,1671.4047,2025.4798,0.9336,0.8151,1.7636,0.6987,0.2.0+3e4b778,2026-10-07T02:11:44.094013+00:00
2026-06-16,2026-06-17T01:00:00+00:00,J,Argentina,Algeria,Kansas City,jugado,3-0,0.6379,0.2267,0.1354,1.8298,0.8305,2.6603,1-0,0.1408,2-0,0.1201,2-1,0.1171,0.4988,0.5012,0.4942,2251.4961,1862.3055,1.9143,0.4486,1.5934,0.6236,0.2.0+3e4b778,2026-10-07T02:11:44.094013+00:00
2026-06-16,2026-06-17T04:00:00+00:00,J,Austria,Jordan,Santa Clara,jugado,3-1,0.517,0.252,0.231,1.8088,1.1721,2.9809,1-1,0.1176,2-1,0.099,1-0,0.0872,0.5709,0.4291,0.5885,1896.0817,1735.7234,1.4094,0.6887,1.2818,0.926,0.2.0+3e4b778,2026-10-07T02:11:44.094013+00:00
2026-06-17,2026-06-17T17:00:00+00:00,K,Portugal,DR Congo,Houston,jugado,1-1,0.5459,0.2704,0.1837,1.3784,0.7156,2.094,1-0,0.1821,0-0,0.1198,2-0,0.1193,0.3499,0.6501,0.3875,2063.719,1811.9708,1.6847,0.5397,1.0699,0.549,0.2.0+3e4b778,2026-10-07T02:11:44.094013+00:00
2026-06-17,2026-06-17T20:00:00+00:00,L,England,Croatia,Arlington,jugado,4-2,0.5671,0.2448,0.1881,1.8013,1.0071,2.8083,1-1,0.1163,1-0,0.11,2-1,0.1073,0.5325,0.4675,0.544,2200.9764,1950.8118,1.7489,0.5656,1.411,0.713,0.2.0+3e4b778,2026-10-07T02:11:44.094013+00:00
2026-06-17,2026-06-17T23:00:00+00:00,L,Ghana,Panama,Toronto,jugado,1-0,0.3073,0.2875,0.4052,1.0594,1.2224,2.2817,1-1,0.1343,0-1,0.1271,0-0,0.1054,0.4001,0.5999,0.4643,1685.2989,1773.0675,0.9826,0.7264,1.1634,0.8347,0.2.0+3e4b778,2026-10-07T02:11:44.094013+00:00
2026-06-17,2026-06-18T02:00:00+00:00,K,Uzbekistan,Colombia,Mexico City,jugado,1-3,0.1249,0.2266,0.6485,0.6946,1.7816,2.4762,0-1,0.1562,0-2,0.1359,1-1,0.1055,0.4512,0.5488,0.4282,1741.6446,2088.4312,1.0684,0.8156,1.5086,0.5185,0.2.0+3e4b778,2026-10-07T02:11:44.094013+00:00
2026-06-18,2026-06-18T16:00:00+00:00,A,Czech Republic,South Africa,Atlanta,jugado,1-1,0.3893,0.2877,0.323,1.2055,1.098,2.3035,1-1,0.1348,1-0,0.1208,0-0,0.1037,0.4057,0.5943,0.4701,1760.9188,1697.8951,1.2587,0.8579,0.9776,0.6707,0.2.0+3e4b778,2026-10-07T02:11:44.094013+00:00
2026-06-18,2026-06-18T19:00:00+00:00,B,Switzerland,Bosnia and Herzegovina,Inglewood,jugado,4-1,0.647,0.222,0.1309,1.9178,0.7892,2.707,1-0,0.1295,2-0,0.1241,1-1,0.1056,0.5086,0.4914,0.478,2007.1097,1681.6415,1.523,0.6265,0.9826,0.8862,0.2.0+3e4b778,2026-10-07T02:11:44.094013+00:00
2026-06-18,2026-06-18T22:00:00+00:00,B,Canada,Qatar,Vancouver,jugado,6-0,0.7381,0.1766,0.0853,2.4376,0.7563,3.1939,2-0,0.1208,3-0,0.098,1-0,0.0956,0.6172,0.3828,0.4933,1851.4825,1539.2008,1.213,0.6033,0.9298,1.131,0.2.0+3e4b778,2026-10-07T02:11:44.094013+00:00
2026-06-18,2026-06-19T01:00:00+00:00,A,Mexico,South Korea,Zapopan,jugado,1-0,0.5792,0.2461,0.1747,1.7225,0.8855,2.608,1-0,0.1291,1-1,0.1171,2-0,0.1104,0.4842,0.5158,0.4943,2023.176,1844.2406,1.366,0.5335,1.3052,0.6741,0.2.0+3e4b778,2026-10-07T02:11:44.094013+00:00
2026-06-19,2026-06-19T19:00:00+00:00,D,United States,Australia,Seattle,jugado,2-0,0.3719,0.2728,0.3553,1.3973,1.3768,2.7741,1-1,0.1291,2-1,0.0851,1-0,0.0822,0.5233,0.4767,0.5715,1860.6806,1917.2264,1.3974,0.8369,1.2335,0.5534,0.2.0+3e4b778,2026-10-07T02:11:44.094013+00:00
2026-06-19,2026-06-19T22:00:00+00:00,C,Scotland,Morocco,Foxborough,jugado,0-1,0.1631,0.2573,0.5796,0.6665,1.5277,2.1942,0-1,0.1669,0-2,0.1315,1-1,0.1136,0.3765,0.6235,0.3804,1828.5232,2039.1722,1.1939,0.7423,1.5093,0.4037,0.2.0+3e4b778,2026-10-07T02:11:44.094013+00:00
2026-06-19,2026-06-20T00:30:00+00:00,C,Brazil,Haiti,Philadelphia,jugado,3-0,0.6937,0.1951,0.1111,2.3199,0.9636,3.2835,2-1,0.1102,2-0,0.1031,1-0,0.0901,0.6377,0.3623,0.5784,2075.155,1661.5865,1.7864,0.582,1.3465,0.892,0.2.0+3e4b778,2026-10-07T02:11:44.094013+00:00
2026-06-19,2026-06-20T03:00:00+00:00,D,Turkey,Paraguay,Santa Clara,jugado,0-1,0.3783,0.291,0.3307,1.1612,1.0681,2.2292,1-1,0.1348,1-0,0.1216,0-0,0.1108,0.386,0.614,0.4524,1928.5648,1902.8718,1.4054,0.7638,1.0246,0.6009,0.2.0+3e4b778,2026-10-07T02:11:44.094013+00:00
2026-06-20,2026-06-20T17:00:00+00:00,F,Netherlands,Sweden,Houston,jugado,5-1,0.6222,0.2147,0.1631,2.3694,1.1992,3.5686,2-1,0.0939,1-1,0.0922,2-0,0.0774,0.688,0.312,0.645,2053.3594,1806.4652,1.775,0.6368,1.3969,0.9793,0.2.0+3e4b778,2026-10-07T02:11:44.094013+00:00
2026-06-20,2026-06-20T20:00:00+00:00,E,Germany,Ivory Coast,Toronto,jugado,2-1,0.4552,0.2731,0.2718,1.4467,1.116,2.5628,1-1,0.1301,1-0,0.1145,2-1,0.0988,0.4725,0.5275,0.5235,1996.7728,1845.5123,1.8535,0.6877,1.2967,0.5296,0.2.0+3e4b778,2026-10-07T02:11:44.094013+00:00
2026-06-20,2026-06-21T00:00:00+00:00,E,Ecuador,Curaçao,Kansas City,jugado,0-0,0.6368,0.2392,0.124,1.5653,0.5946,2.1599,1-0,0.1987,2-0,0.1449,0-0,0.1085,0.3676,0.6324,0.3652,1962.2508,1591.2083,1.0139,0.4476,1.1118,1.0212,0.2.0+3e4b778,2026-10-07T02:11:44.094013+00:00
2026-06-20,2026-06-21T04:00:00+00:00,F,Tunisia,Japan,Guadalupe,jugado,0-4,0.1244,0.2223,0.6533,0.7121,1.8688,2.5809,0-1,0.1417,0-2,0.1334,1-1,0.1045,0.4773,0.5227,0.4398,1665.2197,1984.3467,1.0625,0.8064,1.6525,0.5122,0.2.0+3e4b778,2026-10-07T02:11:44.094013+00:00
2026-06-21,2026-06-21T16:00:00+00:00,H,Spain,Saudi Arabia,Atlanta,jugado,4-0,0.7895,0.1609,0.0496,2.0408,0.4539,2.4947,1-0,0.1901,2-0,0.1807,3-0,0.1116,0.4568,0.5432,0.3357,2329.1095,1711.7418,1.8559,0.4104,0.9565,0.7322,0.2.0+3e4b778,2026-10-07T02:11:44.094013+00:00
2026-06-21,2026-06-21T19:00:00+00:00,G,Belgium,Iran,Inglewood,jugado,0-0,0.471,0.2691,0.2599,1.5203,1.1026,2.6228,1-1,0.1283,1-0,0.1094,2-1,0.0978,0.4872,0.5128,0.5312,2028.2335,1887.2991,1.8026,0.605,1.4083,0.5914,0.2.0+3e4b778,2026-10-07T02:11:44.094013+00:00
2026-06-21,2026-06-21T22:00:00+00:00,H,Uruguay,Cape Verde,Miami Gardens,jugado,2-2,0.5098,0.2825,0.2077,1.268,0.7396,2.0076,1-0,0.1847,0-0,0.1299,1-1,0.1222,0.3265,0.6735,0.3784,1924.1223,1701.1853,1.0718,0.5592,1.0742,0.7831,0.2.0+3e4b778,2026-10-07T02:11:44.094013+00:00
2026-06-21,2026-06-22T01:00:00+00:00,G,New Zealand,Egypt,Vancouver,jugado,1-3,0.2227,0.2625,0.5148,0.9866,1.5898,2.5764,1-1,0.125,0-1,0.1191,1-2,0.0989,0.4758,0.5242,0.5078,1680.4329,1853.1533,1.2915,0.9361,1.2076,0.5818,0.2.0+3e4b778,2026-10-07T02:11:44.094013+00:00
2026-06-22,2026-06-22T17:00:00+00:00,J,Argentina,Austria,Arlington,jugado,2-0,0.6533,0.22,0.1266,1.9133,0.7871,2.7004,1-0,0.1335,2-0,0.1251,2-1,0.1079,0.5075,0.4925,0.4796,2251.4961,1896.0817,1.9143,0.4486,1.4094,0.6887,0.2.0+3e4b778,2026-10-07T02:11:44.094013+00:00
2026-06-22,2026-06-22T21:00:00+00:00,I,France,Iraq,Philadelphia,jugado,3-0,0.7364,0.1818,0.0818,2.2143,0.7104,2.9247,2-0,0.1352,1-0,0.1249,2-1,0.1063,0.5614,0.4386,0.471,2143.9789,1671.4047,1.8753,0.6173,0.9336,0.8151,0.2.0+3e4b778,2026-10-07T02:11:44.094013+00:00
2026-06-22,2026-06-23T00:00:00+00:00,I,Norway,Senegal,East Rutherford,jugado,3-2,0.4431,0.2599,0.2969,1.6819,1.4313,3.1132,1-1,0.1179,2-1,0.0998,1-0,0.0757,0.5998,0.4002,0.6328,2025.4798,1877.9092,1.7636,0.6987,1.6619,0.6407,0.2.0+3e4b778,2026-10-07T02:11:44.094013+00:00
2026-06-22,2026-06-23T03:00:00+00:00,J,Jordan,Algeria,Santa Clara,jugado,1-2,0.2167,0.2448,0.5385,1.136,1.934,3.07,1-1,0.1138,1-2,0.0917,0-2,0.0841,0.5894,0.4106,0.5872,1735.7234,1862.3055,1.2818,0.926,1.5934,0.6236,0.2.0+3e4b778,2026-10-07T02:11:44.094013+00:00
2026-06-23,2026-06-23T17:00:00+00:00,K,Portugal,Uzbekistan,Houston,jugado,5-0,0.6553,0.2195,0.1253,1.9282,0.7523,2.6805,1-0,0.132,2-0,0.1284,1-1,0.1041,0.5019,0.4981,0.4622,2063.719,1741.6446,1.6847,0.5397,1.0684,0.8156,0.2.0+3e4b778,2026-10-07T02:11:44.094013+00:00
2026-06-23,2026-06-23T20:00:00+00:00,L,England,Ghana,Foxborough,jugado,0-0,0.7233,0.1935,0.0832,1.9476,0.6339,2.5815,1-0,0.1664,2-0,0.1495,2-1,0.1133,0.4798,0.5202,0.4248,2200.9764,1685.2989,1.7489,0.5656,0.9826,0.7264,0.2.0+3e4b778,2026-10-07T02:11:44.094013+00:00
2026-06-23,2026-06-23T23:00:00+00:00,L,Panama,Croatia,Toronto,jugado,0-1,0.2281,0.2584,0.5134,1.0757,1.6697,2.7454,1-1,0.1229,0-1,0.1057,1-2,0.1014,0.517,0.483,0.5459,1773.0675,1950.8118,1.1634,0.8347,1.411,0.713,0.2.0+3e4b778,2026-10-07T02:11:44.094013+00:00
2026-06-23,2026-06-24T02:00:00+00:00,K,Colombia,DR Congo,Zapopan,jugado,1-0,0.5423,0.277,0.1808,1.2837,0.6611,1.9448,1-0,0.2048,0-0,0.1349,2-0,0.1199,0.3092,0.6908,0.3537,2088.4312,1811.9708,1.5086,0.5185,1.0699,0.549,0.2.0+3e4b778,2026-10-07T02:11:44.094013+00:00
2026-06-24,2026-06-24T19:00:00+00:00,B,Canada,Switzerland,Vancouver,jugado,1-2,0.3331,0.2775,0.3893,1.2628,1.3354,2.5982,1-1,0.1323,0-1,0.0996,1-2,0.0899,0.481,0.519,0.5358,1851.4825,2007.1097,1.213,0.6033,1.523,0.6265,0.2.0+3e4b778,2026-10-07T02:11:44.094013+00:00
2026-06-24,2026-06-24T19:00:00+00:00,B,Bosnia and Herzegovina,Qatar,Seattle,jugado,3-1,0.4841,0.2664,0.2496,1.5632,1.0818,2.645,1-1,0.127,1-0,0.1085,2-1,0.0976,0.4926,0.5074,0.5316,1681.6415,1539.2008,0.9826,0.8862,0.9298,1.131,0.2.0+3e4b778,2026-10-07T02:11:44.094013+00:00
2026-06-24,2026-06-24T22:00:00+00:00,C,Morocco,Haiti,Atlanta,jugado,4-2,0.6806,0.2111,0.1083,1.9296,0.6872,2.6169,1-0,0.1455,2-0,0.1384,2-1,0.1026,0.4868,0.5132,0.4376,2039.1722,1661.5865,1.5093,0.4037,1.3465,0.892,0.2.0+3e4b778,2026-10-07T02:11:44.094013+00:00
2026-06-24,2026-06-24T22:00:00+00:00,C,Scotland,Brazil,Miami Gardens,jugado,0-3,0.1682,0.238,0.5937,0.9142,1.8515,2.7658,0-1,0.1141,1-1,0.1134,0-2,0.108,0.522,0.478,0.5157,1828.5232,2075.155,1.1939,0.7423,1.7864,0.582,0.2.0+3e4b778,2026-10-07T02:11:44.094013+00:00
2026-06-24,2026-06-25T01:00:00+00:00,A,Mexico,Czech Republic,Mexico City,jugado,3-0,0.6702,0.2078,0.122,2.1453,0.8686,3.014,2-0,0.1136,1-0,0.1045,2-1,0.1041,0.5795,0.4205,0.5264,2023.176,1760.9188,1.366,0.5335,1.2587,0.8579,0.2.0+3e4b778,2026-10-07T02:11:44.094013+00:00
2026-06-24,2026-06-25T01:00:00+00:00,A,South Africa,South Korea,Guadalupe,jugado,1-0,0.2459,0.2863,0.4678,0.8554,1.2623,2.1177,0-1,0.1566,1-1,0.1288,0-0,0.1203,0.3563,0.6437,0.4139,1697.8951,1844.2406,0.9776,0.6707,1.3052,0.6741,0.2.0+3e4b778,2026-10-07T02:11:44.094013+00:00
2026-06-25,2026-06-25T20:00:00+00:00,E,Curaçao,Ivory Coast,Philadelphia,jugado,0-2,0.1505,0.2348,0.6147,0.7928,1.8209,2.6137,0-1,0.1295,0-2,0.1216,1-1,0.1112,0.4849,0.5151,0.4657,1591.2083,1845.5123,1.1118,1.0212,1.2967,0.5296,0.2.0+3e4b778,2026-10-07T02:11:44.094013+00:00
2026-06-25,2026-06-25T20:00:00+00:00,E,Ecuador,Germany,East Rutherford,jugado,2-1,0.311,0.2956,0.3934,0.9659,1.1312,2.097,0-1,0.1357,1-1,0.133,0-0,0.124,0.3507,0.6493,0.4183,1962.2508,1996.7728,1.0139,0.4476,1.8535,0.6877,0.2.0+3e4b778,2026-10-07T02:11:44.094013+00:00
2026-06-25,2026-06-25T23:00:00+00:00,F,Tunisia,Netherlands,Kansas City,jugado,1-3,0.1159,0.2072,0.6768,0.8365,2.0802,2.9167,0-2,0.1194,0-1,0.117,1-2,0.1102,0.5588,0.4412,0.5138,1665.2197,2053.3594,1.0625,0.8064,1.775,0.6368,0.2.0+3e4b778,2026-10-07T02:11:44.094013+00:00
2026-06-25,2026-06-25T23:00:00+00:00,F,Japan,Sweden,Arlington,jugado,1-1,0.5992,0.2278,0.173,2.113,1.0258,3.1389,1-1,0.1062,2-0,0.0932,2-1,0.091,0.6037,0.3963,0.5684,1984.3467,1806.4652,1.6525,0.5122,1.3969,0.9793,0.2.0+3e4b778,2026-10-07T02:11:44.094013+00:00
2026-06-25,2026-06-26T02:00:00+00:00,D,Paraguay,Australia,Santa Clara,jugado,0-0,0.3037,0.3099,0.3863,0.8199,0.9898,1.8097,0-1,0.1599,0-0,0.1589,1-0,0.1416,0.2727,0.7273,0.3429,1902.8718,1917.2264,1.0246,0.6009,1.2335,0.5534,0.2.0+3e4b778,2026-10-07T02:11:44.094013+00:00
2026-06-25,2026-06-26T02:00:00+00:00,D,United States,Turkey,Inglewood,jugado,2-3,0.4081,0.2544,0.3375,1.8371,1.6385,3.4756,1-1,0.1068,2-1,0.0799,2-2,0.0775,0.6705,0.3295,0.689,1860.6806,1928.5648,1.3974,0.8369,1.4054,0.7638,0.2.0+3e4b778,2026-10-07T02:11:44.094013+00:00
2026-06-26,2026-06-26T19:00:00+00:00,I,Senegal,Iraq,Toronto,jugado,5-0,0.5948,0.2399,0.1653,1.8151,0.8342,2.6493,1-0,0.1202,2-0,0.1154,1-1,0.114,0.4932,0.5068,0.4778,1877.9092,1671.4047,1.6619,0.6407,0.9336,0.8151,0.2.0+3e4b778,2026-10-07T02:11:44.094013+00:00
2026-06-26,2026-06-26T19:00:00+00:00,I,Norway,France,Foxborough,jugado,1-4,0.2799,0.2541,0.466,1.4276,1.8348,3.2624,1-1,0.1124,1-2,0.0943,2-2,0.0713,0.6301,0.3699,0.6517,2025.4798,2143.9789,1.7636,0.6987,1.8753,0.6173,0.2.0+3e4b778,2026-10-07T02:11:44.094013+00:00
2026-06-26,2026-06-27T00:00:00+00:00,H,Uruguay,Spain,Zapopan,jugado,0-1,0.1071,0.2313,0.6616,0.523,1.572,2.095,0-1,0.2149,0-2,0.1565,0-0,0.1131,0.3495,0.6505,0.3327,1924.1223,2329.1095,1.0718,0.5592,1.8559,0.4104,0.2.0+3e4b778,2026-10-07T02:11:44.094013+00:00
2026-06-26,2026-06-27T00:00:00+00:00,H,Cape Verde,Saudi Arabia,Houston,jugado,0-0,0.3531,0.2965,0.3504,1.0619,1.0469,2.1089,1-1,0.134,0-1,0.1266,1-0,0.1245,0.3539,0.6461,0.4238,1701.1853,1711.7418,1.0742,0.7831,0.9565,0.7322,0.2.0+3e4b778,2026-10-07T02:11:44.094013+00:00
2026-06-26,2026-06-27T03:00:00+00:00,G,New Zealand,Belgium,Vancouver,jugado,1-5,0.1231,0.1995,0.6774,1.011,2.3692,3.3803,1-2,0.102,0-2,0.0957,1-1,0.0904,0.6549,0.3451,0.5921,1680.4329,2028.2335,1.2915,0.9361,1.8026,0.605,0.2.0+3e4b778,2026-10-07T02:11:44.094013+00:00
2026-06-26,2026-06-27T03:00:00+00:00,G,Egypt,Iran,Seattle,jugado,1-1,0.3161,0.2956,0.3884,0.9823,1.1243,2.1066,0-1,0.1342,1-1,0.1334,0-0,0.123,0.3532,0.6468,0.4215,1853.1533,1887.2991,1.2076,0.5818,1.4083,0.5914,0.2.0+3e4b778,2026-10-07T02:11:44.094013+00:00
2026-06-27,2026-06-27T21:00:00+00:00,L,Panama,England,East Rutherford,jugado,0-2,0.1025,0.1977,0.6997,0.8035,2.1358,2.9394,0-2,0.1237,0-1,0.119,1-2,0.111,0.5645,0.4355,0.5064,1773.0675,2200.9764,1.1634,0.8347,1.7489,0.5656,0.2.0+3e4b778,2026-10-07T02:11:44.094013+00:00
2026-06-27,2026-06-27T21:00:00+00:00,L,Croatia,Ghana,Philadelphia,jugado,2-1,0.5518,0.2594,0.1887,1.5377,0.852,2.3896,1-0,0.1503,1-1,0.1218,2-0,0.11,0.429,0.571,0.4617,1950.8118,1685.2989,1.411,0.713,0.9826,0.7264,0.2.0+3e4b778,2026-10-07T02:11:44.094013+00:00
2026-06-27,2026-06-27T23:30:00+00:00,K,DR Congo,Uzbekistan,Atlanta,jugado,3-1,0.4401,0.295,0.2649,1.1772,0.8278,2.005,1-0,0.1549,0-0,0.1343,1-1,0.1282,0.3257,0.6743,0.3855,1811.9708,1741.6446,1.0699,0.549,1.0684,0.8156,0.2.0+3e4b778,2026-10-07T02:11:44.094013+00:00
2026-06-27,2026-06-27T23:30:00+00:00,K,Colombia,Portugal,Miami Gardens,jugado,0-0,0.3584,0.2883,0.3533,1.1494,1.1585,2.3079,1-1,0.1352,1-0,0.1132,0-1,0.1073,0.4068,0.5932,0.4715,2088.4312,2063.719,1.5086,0.5185,1.6847,0.5397,0.2.0+3e4b778,2026-10-07T02:11:44.094013+00:00
2026-06-27,2026-06-28T02:00:00+00:00,J,Algeria,Austria,Kansas City,jugado,3-3,0.3791,0.2751,0.3458,1.4019,1.2799,2.6818,1-1,0.1309,0-1,0.0872,1-2,0.0842,0.5012,0.4988,0.5509,1862.3055,1896.0817,1.5934,0.6236,1.4094,0.6887,0.2.0+3e4b778,2026-10-07T02:11:44.094013+00:00
2026-06-27,2026-06-28T02:00:00+00:00,J,Jordan,Argentina,Arlington,jugado,1-3,0.0647,0.1578,0.7775,0.7262,2.5178,3.244,0-2,0.1264,0-3,0.1019,0-1,0.1007,0.6302,0.3698,0.4913,1735.7234,2251.4961,1.2818,0.926,1.9143,0.4486,0.2.0+3e4b778,2026-10-07T02:11:44.094013+00:00
