,group,r32,r16,qf,sf,final,champion
Spain,H,1.0,0.8283,0.6167,0.4865,0.3566,0.236
Argentina,J,1.0,0.895,0.703,0.5009,0.3341,0.2024
England,L,1.0,0.7679,0.4993,0.3079,0.1636,0.0849
France,I,1.0,0.7242,0.4772,0.2863,0.1363,0.0681
Colombia,K,1.0,0.8097,0.5141,0.2268,0.1169,0.0526
Brazil,C,1.0,0.5329,0.3918,0.2126,0.0945,0.0435
Morocco,C,1.0,0.5572,0.342,0.1802,0.0849,0.0395
Portugal,K,1.0,0.6476,0.2321,0.1422,0.0748,0.0347
Belgium,G,1.0,0.6105,0.3983,0.1473,0.0742,0.0321
Netherlands,F,1.0,0.4671,0.3329,0.1723,0.0718,0.0309
Germany,E,1.0,0.8106,0.3706,0.1886,0.0711,0.0281
Switzerland,B,1.0,0.7144,0.3474,0.1297,0.0558,0.0213
Japan,F,1.0,0.4428,0.2476,0.1172,0.0497,0.0202
Norway,I,1.0,0.606,0.2705,0.123,0.0494,0.0195
Mexico,A,1.0,0.5552,0.2407,0.1171,0.0475,0.0187
Ecuador,E,1.0,0.4448,0.174,0.0758,0.0276,0.0098
Algeria,J,1.0,0.5892,0.2486,0.0666,0.0258,0.0086
Australia,D,1.0,0.547,0.1536,0.0662,0.0249,0.0085
Senegal,I,1.0,0.3895,0.2139,0.0599,0.0238,0.0081
Canada,B,1.0,0.6374,0.2021,0.0715,0.0197,0.0057
Croatia,L,1.0,0.3524,0.0856,0.0397,0.0153,0.0049
Ivory Coast,E,1.0,0.394,0.1398,0.0499,0.0165,0.0048
Egypt,G,1.0,0.453,0.1092,0.0408,0.0135,0.004
Paraguay,D,1.0,0.2758,0.1186,0.0443,0.0123,0.0036
Austria,J,1.0,0.1717,0.0656,0.0288,0.0102,0.0031
United States,D,1.0,0.4108,0.1392,0.029,0.0094,0.0023
DR Congo,K,1.0,0.2321,0.086,0.0289,0.0074,0.0019
Sweden,F,1.0,0.2856,0.0835,0.0178,0.0043,0.0008
South Africa,A,1.0,0.3626,0.0733,0.0171,0.0031,0.0005
Cape Verde,H,1.0,0.105,0.0342,0.0081,0.0018,0.0003
Ghana,L,1.0,0.1903,0.055,0.0097,0.0021,0.0003
Bosnia and Herzegovina,B,1.0,0.1894,0.0336,0.0073,0.0012,0.0002
Turkey,D,0.0,0.0,0.0,0.0,0.0,0.0
Scotland,C,0.0,0.0,0.0,0.0,0.0,0.0
Haiti,C,0.0,0.0,0.0,0.0,0.0,0.0
Qatar,B,0.0,0.0,0.0,0.0,0.0,0.0
Czech Republic,A,0.0,0.0,0.0,0.0,0.0,0.0
South Korea,A,0.0,0.0,0.0,0.0,0.0,0.0
Curaçao,E,0.0,0.0,0.0,0.0,0.0,0.0
Tunisia,F,0.0,0.0,0.0,0.0,0.0,0.0
Saudi Arabia,H,0.0,0.0,0.0,0.0,0.0,0.0
Uruguay,H,0.0,0.0,0.0,0.0,0.0,0.0
Iran,G,0.0,0.0,0.0,0.0,0.0,0.0
New Zealand,G,0.0,0.0,0.0,0.0,0.0,0.0
Jordan,J,0.0,0.0,0.0,0.0,0.0,0.0
Iraq,I,0.0,0.0,0.0,0.0,0.0,0.0
Uzbekistan,K,0.0,0.0,0.0,0.0,0.0,0.0
Panama,L,0.0,0.0,0.0,0.0,0.0,0.0
