date,group,home,away,city,p_home,p_draw,p_away,xg_home,xg_away,xg_total,score_1,p_score_1,score_2,p_score_2,score_3,p_score_3,p_over_2.5,p_under_2.5,p_btts,elo_home,elo_away,attack_home,defense_home,attack_away,defense_away,model_version,frozen_at,kickoff_utc
2026-06-11,A,South Korea,Czech Republic,Zapopan,0.445,0.269,0.286,1.5362,1.1854,2.7216,1-1,0.1279,1-0,0.0942,2-1,0.091,0.5108,0.4892,0.5526,1884.3282,1809.8255,1.4199,0.6671,1.32,0.8097,0.2.0+nogit,2026-06-12T00:57:08.016064+00:00,
2026-06-11,A,Mexico,South Africa,Mexico City,0.6669,0.22,0.1131,1.7845,0.6614,2.4459,1-0,0.167,2-0,0.1416,2-1,0.1058,0.4439,0.5561,0.4174,1982.8219,1666.4902,1.3416,0.5367,1.0367,0.6839,0.2.0+nogit,2026-06-12T00:57:08.016064+00:00,
2026-06-18,A,Czech Republic,South Africa,Atlanta,0.4429,0.2808,0.2764,1.3194,1.0336,2.353,1-1,0.1322,1-0,0.131,0-0,0.0982,0.419,0.581,0.478,1809.8255,1666.4902,1.32,0.8097,1.0367,0.6839,0.2.0+nogit,2026-06-12T00:57:08.016064+00:00,
2026-06-18,A,Mexico,South Korea,Zapopan,0.5253,0.2584,0.2162,1.6394,0.9897,2.6291,1-1,0.1232,1-0,0.116,2-1,0.0995,0.4888,0.5112,0.5151,1982.8219,1884.3282,1.3416,0.5367,1.4199,0.6671,0.2.0+nogit,2026-06-12T00:57:08.016064+00:00,
2026-06-24,A,Mexico,Czech Republic,Mexico City,0.6111,0.2296,0.1593,1.9633,0.9296,2.8929,1-1,0.1091,2-0,0.1064,1-0,0.105,0.5515,0.4485,0.5305,1982.8219,1809.8255,1.3416,0.5367,1.32,0.8097,0.2.0+nogit,2026-06-12T00:57:08.016064+00:00,
2026-06-24,A,South Africa,South Korea,Guadalupe,0.2111,0.2709,0.518,0.8478,1.4166,2.2644,0-1,0.1553,1-1,0.1252,0-2,0.1058,0.3958,0.6042,0.4401,1666.4902,1884.3282,1.0367,0.6839,1.4199,0.6671,0.2.0+nogit,2026-06-12T00:57:08.016064+00:00,
2026-06-12,B,Canada,Bosnia and Herzegovina,Toronto,0.6658,0.2169,0.1173,1.9061,0.6859,2.592,1-0,0.1418,2-0,0.137,1-1,0.1016,0.4799,0.5201,0.4303,1904.6049,1660.2804,1.2225,0.5473,0.9611,0.8567,0.2.0+nogit,2026-06-12T00:57:08.016064+00:00,
2026-06-13,B,Qatar,Switzerland,Santa Clara,0.1027,0.1963,0.701,0.793,2.1733,2.9663,0-2,0.1235,0-1,0.1143,1-2,0.1057,0.5698,0.4302,0.5009,1561.202,1961.528,0.9866,1.0069,1.535,0.6457,0.2.0+nogit,2026-06-12T00:57:08.016064+00:00,
2026-06-18,B,Switzerland,Bosnia and Herzegovina,Inglewood,0.6289,0.2298,0.1413,1.8365,0.788,2.6246,1-0,0.1345,2-0,0.1235,1-1,0.109,0.4883,0.5117,0.4692,1961.528,1660.2804,1.535,0.6457,0.9611,0.8567,0.2.0+nogit,2026-06-12T00:57:08.016064+00:00,
2026-06-18,B,Canada,Qatar,Vancouver,0.7345,0.1818,0.0837,2.2546,0.6909,2.9455,2-0,0.1349,1-0,0.1188,3-0,0.0988,0.5647,0.4353,0.4585,1904.6049,1561.202,1.2225,0.5473,0.9866,1.0069,0.2.0+nogit,2026-06-12T00:57:08.016064+00:00,
2026-06-24,B,Canada,Switzerland,Vancouver,0.4061,0.2781,0.3158,1.372,1.1614,2.5334,1-1,0.1325,1-0,0.1002,0-1,0.0891,0.4646,0.5354,0.5178,1904.6049,1961.528,1.2225,0.5473,1.535,0.6457,0.2.0+nogit,2026-06-12T00:57:08.016064+00:00,
2026-06-24,B,Bosnia and Herzegovina,Qatar,Seattle,0.431,0.2791,0.2899,1.3541,1.0886,2.4427,1-1,0.1324,1-0,0.1171,0-0,0.0916,0.4419,0.5581,0.4979,1660.2804,1561.202,0.9611,0.8567,0.9866,1.0069,0.2.0+nogit,2026-06-12T00:57:08.016064+00:00,
2026-06-13,C,Brazil,Morocco,East Rutherford,0.336,0.2953,0.3687,0.9897,1.1176,2.1073,1-1,0.1331,1-0,0.1312,0-0,0.1234,0.3537,0.6463,0.4194,2061.8679,1999.2026,1.8252,0.605,1.5239,0.3563,0.2.0+nogit,2026-06-12T00:57:08.016064+00:00,
2026-06-13,C,Haiti,Scotland,Foxborough,0.2949,0.266,0.4391,1.3139,1.5475,2.8614,1-1,0.125,1-2,0.1011,0-1,0.0918,0.5443,0.4557,0.5872,1700.5446,1853.215,1.4588,0.7942,1.3127,0.7493,0.2.0+nogit,2026-06-12T00:57:08.016064+00:00,
2026-06-19,C,Scotland,Morocco,Foxborough,0.1811,0.2658,0.5531,0.6764,1.4708,2.1472,0-1,0.1613,0-2,0.1273,0-0,0.1201,0.3639,0.6361,0.3726,1853.215,1999.2026,1.3127,0.7493,1.5239,0.3563,0.2.0+nogit,2026-06-12T00:57:08.016064+00:00,
2026-06-19,C,Brazil,Haiti,Philadelphia,0.6385,0.2166,0.1448,2.1227,1.0476,3.1703,2-1,0.1145,1-1,0.0996,2-0,0.0966,0.6143,0.3857,0.5928,2061.8679,1700.5446,1.8252,0.605,1.4588,0.7942,0.2.0+nogit,2026-06-12T00:57:08.016064+00:00,
2026-06-24,C,Scotland,Brazil,Miami Gardens,0.193,0.2425,0.5645,1.0369,1.8687,2.9057,1-1,0.1146,1-2,0.1014,0-1,0.0985,0.5543,0.4457,0.5567,1853.215,2061.8679,1.3127,0.7493,1.8252,0.605,0.2.0+nogit,2026-06-12T00:57:08.016064+00:00,
2026-06-24,C,Morocco,Haiti,Atlanta,0.6282,0.2365,0.1352,1.6873,0.6662,2.3535,1-0,0.1635,2-0,0.1373,1-1,0.1078,0.419,0.581,0.4029,1999.2026,1700.5446,1.5239,0.3563,1.4588,0.7942,0.2.0+nogit,2026-06-12T00:57:08.016064+00:00,
2026-06-12,D,United States,Paraguay,Inglewood,0.3885,0.2744,0.3371,1.4069,1.2757,2.6826,1-1,0.1306,1-0,0.0873,0-1,0.0833,0.5014,0.4986,0.5514,1843.9628,1918.8707,1.373,0.8092,1.1445,0.5897,0.2.0+nogit,2026-06-12T00:57:08.016064+00:00,
2026-06-13,D,Australia,Turkey,Vancouver,0.359,0.2824,0.3586,1.2516,1.197,2.4486,1-1,0.1341,0-1,0.1064,1-0,0.0945,0.4433,0.5567,0.5022,1916.7902,1974.5279,1.3769,0.5611,1.4638,0.7309,0.2.0+nogit,2026-06-12T00:57:08.016064+00:00,
2026-06-19,D,Turkey,Paraguay,Santa Clara,0.3892,0.2876,0.3233,1.2024,1.0898,2.2922,1-1,0.1345,1-0,0.1211,0-0,0.1046,0.4027,0.5973,0.4671,1974.5279,1918.8707,1.4638,0.7309,1.1445,0.5897,0.2.0+nogit,2026-06-12T00:57:08.016064+00:00,
2026-06-19,D,United States,Australia,Seattle,0.3555,0.2697,0.3748,1.4008,1.4614,2.8622,1-1,0.1267,2-1,0.083,1-2,0.0822,0.5438,0.4562,0.5879,1843.9628,1916.7902,1.373,0.8092,1.3769,0.5611,0.2.0+nogit,2026-06-12T00:57:08.016064+00:00,
2026-06-25,D,United States,Turkey,Inglewood,0.3646,0.2573,0.3781,1.6909,1.6696,3.3605,1-1,0.1109,1-2,0.0854,2-2,0.0756,0.6491,0.3509,0.6736,1843.9628,1974.5279,1.373,0.8092,1.4638,0.7309,0.2.0+nogit,2026-06-12T00:57:08.016064+00:00,
2026-06-25,D,Paraguay,Australia,Santa Clara,0.319,0.3016,0.3794,0.9153,1.0541,1.9694,0-1,0.1413,0-0,0.1384,1-0,0.133,0.3162,0.6838,0.3857,1918.8707,1916.7902,1.1445,0.5897,1.3769,0.5611,0.2.0+nogit,2026-06-12T00:57:08.016064+00:00,
2026-06-14,E,Germany,Curaçao,Houston,0.6937,0.1963,0.11,2.2589,0.9249,3.1838,2-1,0.1119,2-0,0.1083,1-0,0.0981,0.6176,0.3824,0.5613,2014.9076,1595.4381,1.7408,0.6565,1.1722,0.8998,0.2.0+nogit,2026-06-12T00:57:08.016064+00:00,
2026-06-14,E,Ivory Coast,Ecuador,Philadelphia,0.236,0.3154,0.4486,0.6352,0.9423,1.5775,0-1,0.2287,0-0,0.1887,1-0,0.123,0.2098,0.7902,0.2767,1817.7981,2026.5887,1.3359,0.5119,1.1348,0.4101,0.2.0+nogit,2026-06-12T00:57:08.016064+00:00,
2026-06-20,E,Germany,Ivory Coast,Toronto,0.4637,0.2767,0.2596,1.3608,1.0272,2.388,1-0,0.1359,1-1,0.1307,2-1,0.1013,0.4285,0.5715,0.4857,2014.9076,1817.7981,1.7408,0.6565,1.3359,0.5119,0.2.0+nogit,2026-06-12T00:57:08.016064+00:00,
2026-06-20,E,Ecuador,Curaçao,Kansas City,0.6621,0.2303,0.1075,1.5667,0.5411,2.1078,1-0,0.2173,2-0,0.1536,0-0,0.1098,0.3533,0.6467,0.3438,2026.5887,1595.4381,1.1348,0.4101,1.1722,0.8998,0.2.0+nogit,2026-06-12T00:57:08.016064+00:00,
2026-06-25,E,Ecuador,Germany,East Rutherford,0.3607,0.3017,0.3376,1.0123,0.9686,1.9809,1-0,0.1394,0-0,0.1367,0-1,0.1332,0.3193,0.6807,0.3911,2026.5887,2014.9076,1.1348,0.4101,1.7408,0.6565,0.2.0+nogit,2026-06-12T00:57:08.016064+00:00,
2026-06-25,E,Curaçao,Ivory Coast,Philadelphia,0.1727,0.2508,0.5766,0.7911,1.6416,2.4327,0-1,0.1421,0-2,0.1191,1-1,0.1173,0.4393,0.5607,0.4461,1595.4381,1817.7981,1.1722,0.8998,1.3359,0.5119,0.2.0+nogit,2026-06-12T00:57:08.016064+00:00,
2026-06-14,F,Netherlands,Japan,Arlington,0.3239,0.2818,0.3942,1.1251,1.3121,2.4372,1-1,0.1336,0-1,0.1029,1-0,0.0993,0.4403,0.5597,0.4966,2017.8445,2007.776,1.7061,0.6211,1.6645,0.4607,0.2.0+nogit,2026-06-12T00:57:08.016064+00:00,
2026-06-14,F,Sweden,Tunisia,Guadalupe,0.3505,0.2781,0.3713,1.2412,1.3324,2.5736,1-1,0.1326,1-0,0.0951,0-1,0.0891,0.4747,0.5253,0.5288,1778.6424,1740.1355,1.3603,0.936,1.13,0.6359,0.2.0+nogit,2026-06-12T00:57:08.016064+00:00,
2026-06-20,F,Netherlands,Sweden,Houston,0.6052,0.2243,0.1706,2.1611,1.112,3.2731,1-1,0.1018,2-1,0.0991,2-0,0.0873,0.6326,0.3674,0.6057,2017.8445,1778.6424,1.7061,0.6211,1.3603,0.936,0.2.0+nogit,2026-06-12T00:57:08.016064+00:00,
2026-06-20,F,Tunisia,Japan,Guadalupe,0.1565,0.2557,0.5878,0.6597,1.4998,2.1596,0-1,0.1801,0-2,0.1323,0-0,0.1132,0.3674,0.6326,0.3795,1740.1355,2007.776,1.13,0.6359,1.6645,0.4607,0.2.0+nogit,2026-06-12T00:57:08.016064+00:00,
2026-06-25,F,Tunisia,Netherlands,Kansas City,0.1789,0.2535,0.5676,0.8438,1.5934,2.4372,0-1,0.148,1-1,0.1194,0-2,0.1127,0.4414,0.5586,0.4662,1740.1355,2017.8445,1.13,0.6359,1.7061,0.6211,0.2.0+nogit,2026-06-12T00:57:08.016064+00:00,
2026-06-25,F,Japan,Sweden,Arlington,0.6292,0.223,0.1478,2.0384,0.8684,2.9068,2-0,0.1112,1-1,0.1062,1-0,0.1022,0.5537,0.4463,0.5092,2007.776,1778.6424,1.6645,0.4607,1.3603,0.936,0.2.0+nogit,2026-06-12T00:57:08.016064+00:00,
2026-06-15,G,Belgium,Egypt,Seattle,0.4759,0.2807,0.2434,1.3249,0.8945,2.2193,1-0,0.1485,1-1,0.1291,0-0,0.1098,0.3836,0.6164,0.4379,1959.7307,1801.9696,1.7313,0.6112,1.1566,0.5363,0.2.0+nogit,2026-06-12T00:57:08.016064+00:00,
2026-06-15,G,Iran,New Zealand,Inglewood,0.5331,0.2559,0.211,1.6744,0.981,2.6554,1-1,0.122,1-0,0.1137,2-1,0.0985,0.4951,0.5049,0.5159,1899.4931,1724.3736,1.563,0.5745,1.2961,0.7867,0.2.0+nogit,2026-06-12T00:57:08.016064+00:00,
2026-06-21,G,Belgium,Iran,Inglewood,0.3994,0.276,0.3246,1.3775,1.2409,2.6185,1-1,0.1315,1-0,0.0975,2-1,0.0888,0.4859,0.5141,0.539,1959.7307,1899.4931,1.7313,0.6112,1.563,0.5745,0.2.0+nogit,2026-06-12T00:57:08.016064+00:00,
2026-06-21,G,New Zealand,Egypt,Vancouver,0.2793,0.2887,0.4319,0.9346,1.2348,2.1694,0-1,0.1388,1-1,0.1317,0-0,0.1161,0.3701,0.6299,0.4309,1724.3736,1801.9696,1.2961,0.7867,1.1566,0.5363,0.2.0+nogit,2026-06-12T00:57:08.016064+00:00,
2026-06-26,G,Egypt,Iran,Seattle,0.2732,0.2939,0.4329,0.8738,1.1672,2.0411,0-1,0.1542,1-1,0.1298,0-0,0.1292,0.3356,0.6644,0.3998,1801.9696,1899.4931,1.1566,0.5363,1.563,0.5745,0.2.0+nogit,2026-06-12T00:57:08.016064+00:00,
2026-06-26,G,New Zealand,Belgium,Vancouver,0.1832,0.2393,0.5775,1.0161,1.8866,2.9027,1-1,0.1132,1-2,0.1039,0-1,0.1016,0.5539,0.4461,0.5535,1724.3736,1959.7307,1.2961,0.7867,1.7313,0.6112,0.2.0+nogit,2026-06-12T00:57:08.016064+00:00,
2026-06-15,H,Spain,Cape Verde,Atlanta,0.7682,0.1666,0.0652,2.2453,0.6596,2.9048,2-0,0.1443,1-0,0.1355,2-1,0.1104,0.5584,0.4416,0.4543,2220.1325,1655.739,1.9075,0.5385,1.0573,0.8023,0.2.0+nogit,2026-06-12T00:57:08.016064+00:00,
2026-06-15,H,Saudi Arabia,Uruguay,Miami Gardens,0.1815,0.2849,0.5336,0.6089,1.1945,1.8033,0-1,0.2233,0-0,0.1521,0-2,0.1195,0.2703,0.7297,0.3181,1699.6806,1974.03,1.0357,0.6937,1.112,0.5033,0.2.0+nogit,2026-06-12T00:57:08.016064+00:00,
2026-06-21,H,Spain,Saudi Arabia,Atlanta,0.7305,0.1893,0.0802,1.985,0.6311,2.6161,1-0,0.1631,2-0,0.1501,2-1,0.1125,0.4885,0.5115,0.4256,2220.1325,1699.6806,1.9075,0.5385,1.0357,0.6937,0.2.0+nogit,2026-06-12T00:57:08.016064+00:00,
2026-06-21,H,Uruguay,Cape Verde,Miami Gardens,0.5789,0.2645,0.1566,1.3622,0.6185,1.9806,1-0,0.2108,2-0,0.1306,0-0,0.1286,0.3188,0.6812,0.3494,1974.03,1655.739,1.112,0.5033,1.0573,0.8023,0.2.0+nogit,2026-06-12T00:57:08.016064+00:00,
2026-06-26,H,Uruguay,Spain,Zapopan,0.1859,0.2687,0.5454,0.7352,1.4005,2.1357,0-1,0.1763,1-1,0.1197,0-2,0.118,0.3612,0.6388,0.3977,1974.03,2220.1325,1.112,0.5033,1.9075,0.5385,0.2.0+nogit,2026-06-12T00:57:08.016064+00:00,
2026-06-26,H,Cape Verde,Saudi Arabia,Houston,0.3134,0.2944,0.3922,0.9836,1.1332,2.1168,0-1,0.1352,1-1,0.1332,0-0,0.1216,0.356,0.644,0.4237,1655.739,1699.6806,1.0573,0.8023,1.0357,0.6937,0.2.0+nogit,2026-06-12T00:57:08.016064+00:00,
2026-06-16,I,France,Senegal,East Rutherford,0.4641,0.2729,0.263,1.4071,1.0962,2.5033,1-1,0.1299,1-0,0.1278,2-1,0.106,0.4583,0.5417,0.5131,2127.3496,1909.5981,1.6656,0.5961,1.6167,0.5389,0.2.0+nogit,2026-06-12T00:57:08.016064+00:00,
2026-06-16,I,Iraq,Norway,Foxborough,0.1787,0.2589,0.5624,0.7724,1.5223,2.2947,0-1,0.1591,1-1,0.1191,0-2,0.1186,0.4037,0.5963,0.4278,1733.5546,1979.5454,0.9963,0.6349,1.6817,0.6186,0.2.0+nogit,2026-06-12T00:57:08.016064+00:00,
2026-06-22,I,Norway,Senegal,East Rutherford,0.3822,0.2785,0.3393,1.3004,1.2568,2.5572,1-1,0.1328,1-0,0.1017,2-1,0.0886,0.4708,0.5292,0.5269,1979.5454,1909.5981,1.6817,0.6186,1.6167,0.5389,0.2.0+nogit,2026-06-12T00:57:08.016064+00:00,
2026-06-22,I,France,Iraq,Philadelphia,0.6346,0.2361,0.1293,1.6188,0.6715,2.2903,1-0,0.1846,2-0,0.1361,2-1,0.1086,0.4033,0.5967,0.408,2127.3496,1733.5546,1.6656,0.5961,0.9963,0.6349,0.2.0+nogit,2026-06-12T00:57:08.016064+00:00,
2026-06-26,I,Norway,France,Foxborough,0.2849,0.2688,0.4463,1.2245,1.5063,2.7308,1-1,0.1276,0-1,0.1008,1-2,0.1001,0.5136,0.4864,0.5602,1979.5454,2127.3496,1.6817,0.6186,1.6656,0.5961,0.2.0+nogit,2026-06-12T00:57:08.016064+00:00,
2026-06-26,I,Senegal,Iraq,Toronto,0.5336,0.2722,0.1942,1.3961,0.7216,2.1177,1-0,0.1673,0-0,0.1205,1-1,0.1199,0.356,0.644,0.386,1909.5981,1733.5546,1.6167,0.5389,0.9963,0.6349,0.2.0+nogit,2026-06-12T00:57:08.016064+00:00,
2026-06-16,J,Argentina,Algeria,Kansas City,0.5556,0.2658,0.1786,1.4003,0.7386,2.1389,1-0,0.1849,1-1,0.119,2-0,0.1174,0.3625,0.6375,0.403,2190.242,1888.7303,1.7858,0.3801,1.6964,0.5084,0.2.0+nogit,2026-06-12T00:57:08.016064+00:00,
2026-06-16,J,Austria,Jordan,Santa Clara,0.4826,0.2652,0.2523,1.591,1.0778,2.6688,1-1,0.1264,1-0,0.1027,2-1,0.0926,0.498,0.502,0.5316,1896.6972,1793.7236,1.3986,0.5824,1.3596,0.8583,0.2.0+nogit,2026-06-12T00:57:08.016064+00:00,
2026-06-22,J,Jordan,Algeria,Santa Clara,0.2142,0.2496,0.5362,1.0126,1.8213,2.8339,1-1,0.1187,0-2,0.0941,0-1,0.0921,0.5363,0.4637,0.5345,1793.7236,1888.7303,1.3596,0.8583,1.6964,0.5084,0.2.0+nogit,2026-06-12T00:57:08.016064+00:00,
2026-06-22,J,Argentina,Austria,Arlington,0.595,0.2534,0.1516,1.5039,0.6552,2.1591,1-0,0.1845,2-0,0.1332,0-0,0.1119,0.3673,0.6327,0.3802,2190.242,1896.6972,1.7858,0.3801,1.3986,0.5824,0.2.0+nogit,2026-06-12T00:57:08.016064+00:00,
2026-06-27,J,Algeria,Austria,Kansas City,0.3992,0.2872,0.3136,1.247,1.0305,2.2775,1-1,0.1338,1-0,0.1158,0-1,0.1091,0.3988,0.6012,0.4584,1888.7303,1896.6972,1.6964,0.5084,1.3986,0.5824,0.2.0+nogit,2026-06-12T00:57:08.016064+00:00,
2026-06-27,J,Jordan,Argentina,Arlington,0.0915,0.1929,0.7157,0.6633,2.113,2.7763,0-2,0.1404,0-1,0.1321,1-2,0.0975,0.5253,0.4747,0.4368,1793.7236,2190.242,1.3596,0.8583,1.7858,0.3801,0.2.0+nogit,2026-06-12T00:57:08.016064+00:00,
2026-06-17,K,Portugal,DR Congo,Houston,0.5463,0.272,0.1817,1.3337,0.7012,2.0348,1-0,0.1949,0-0,0.1242,2-0,0.1182,0.334,0.666,0.3776,2048.9061,1763.3905,1.7038,0.5743,1.0524,0.5102,0.2.0+nogit,2026-06-12T00:57:08.016064+00:00,
2026-06-17,K,Uzbekistan,Colombia,Mexico City,0.1956,0.2656,0.5388,0.8117,1.4659,2.2776,0-1,0.1571,1-1,0.1225,0-2,0.1119,0.3992,0.6008,0.4346,1834.4934,2064.0516,1.1144,0.6038,1.6852,0.5869,0.2.0+nogit,2026-06-12T00:57:08.016064+00:00,
2026-06-23,K,Portugal,Uzbekistan,Houston,0.5355,0.2667,0.1979,1.4613,0.8085,2.2698,1-0,0.1557,1-1,0.1227,2-0,0.112,0.397,0.603,0.4317,2048.9061,1834.4934,1.7038,0.5743,1.1144,0.6038,0.2.0+nogit,2026-06-12T00:57:08.016064+00:00,
2026-06-23,K,Colombia,DR Congo,Zapopan,0.5498,0.2707,0.1795,1.3384,0.7036,2.042,1-0,0.1967,0-0,0.1228,2-0,0.118,0.3361,0.6639,0.3803,2064.0516,1763.3905,1.6852,0.5869,1.0524,0.5102,0.2.0+nogit,2026-06-12T00:57:08.016064+00:00,
2026-06-27,K,DR Congo,Uzbekistan,Atlanta,0.3191,0.3196,0.3613,0.8069,0.8493,1.6562,0-0,0.1803,0-1,0.1794,1-0,0.1514,0.2313,0.7687,0.3045,1763.3905,1834.4934,1.0524,0.5102,1.1144,0.6038,0.2.0+nogit,2026-06-12T00:57:08.016064+00:00,
2026-06-27,K,Colombia,Portugal,Miami Gardens,0.3647,0.2763,0.359,1.3201,1.32,2.6401,1-1,0.1316,1-0,0.0895,0-1,0.0863,0.4911,0.5089,0.5442,2064.0516,2048.9061,1.6852,0.5869,1.7038,0.5743,0.2.0+nogit,2026-06-12T00:57:08.016064+00:00,
2026-06-17,L,England,Croatia,Arlington,0.4817,0.2792,0.2391,1.3595,0.8694,2.229,1-0,0.1431,1-1,0.1281,0-0,0.1102,0.3859,0.6141,0.4327,2094.0456,1973.8768,1.5312,0.4579,1.4076,0.6576,0.2.0+nogit,2026-06-12T00:57:08.016064+00:00,
2026-06-17,L,Ghana,Panama,Toronto,0.2353,0.265,0.4997,1.0538,1.5311,2.5849,1-1,0.1263,0-1,0.1233,1-2,0.107,0.4787,0.5213,0.5229,1628.8765,1851.2021,1.0626,0.7933,1.2863,0.8389,0.2.0+nogit,2026-06-12T00:57:08.016064+00:00,
2026-06-23,L,England,Ghana,Foxborough,0.705,0.2056,0.0894,1.8029,0.5639,2.3668,1-0,0.1875,2-0,0.1577,2-1,0.1031,0.4232,0.5768,0.3758,2094.0456,1628.8765,1.5312,0.4579,1.0626,0.7933,0.2.0+nogit,2026-06-12T00:57:08.016064+00:00,
2026-06-23,L,Panama,Croatia,Toronto,0.2545,0.2641,0.4814,1.1173,1.6041,2.7214,1-1,0.1257,0-1,0.1007,1-2,0.0957,0.5109,0.4891,0.546,1851.2021,1973.8768,1.2863,0.8389,1.4076,0.6576,0.2.0+nogit,2026-06-12T00:57:08.016064+00:00,
2026-06-27,L,Panama,England,East Rutherford,0.1574,0.2407,0.6018,0.7804,1.744,2.5244,0-1,0.1366,0-2,0.1223,1-1,0.1133,0.4627,0.5373,0.453,1851.2021,2094.0456,1.2863,0.8389,1.5312,0.4579,0.2.0+nogit,2026-06-12T00:57:08.016064+00:00,
2026-06-27,L,Croatia,Ghana,Philadelphia,0.6063,0.2407,0.153,1.6815,0.8087,2.4901,1-0,0.1528,2-0,0.1197,1-1,0.1137,0.4556,0.5444,0.4678,1973.8768,1628.8765,1.4076,0.6576,1.0626,0.7933,0.2.0+nogit,2026-06-12T00:57:08.016064+00:00,
2026-07-03,K,Colombia,Ghana,Kansas City,0.666,0.2216,0.1123,1.7772,0.6576,2.4348,1-0,0.1676,2-0,0.1421,2-1,0.1058,0.441,0.559,0.4158,2088.9697,1690.6622,1.663,0.533,1.0299,0.722,0.2.0+3c7e331,2026-06-28T09:21:38.645131+00:00,
2026-07-03,J,Argentina,Cape Verde,Miami Gardens,0.7669,0.1745,0.0586,2.0025,0.4481,2.4505,1-0,0.1843,2-0,0.1787,3-0,0.1125,0.4445,0.5555,0.3241,2226.4814,1703.881,1.8872,0.3514,1.0364,0.7381,0.2.0+3c7e331,2026-06-28T09:21:38.645131+00:00,
2026-07-02,B,Switzerland,Algeria,Vancouver,0.3914,0.2752,0.3333,1.3847,1.3236,2.7083,1-1,0.1308,1-0,0.093,2-1,0.0927,0.5079,0.4921,0.5591,1988.3015,1895.4122,1.5918,0.6306,1.6884,0.5904,0.2.0+3c7e331,2026-06-28T09:21:38.645131+00:00,
2026-07-02,H,Spain,Austria,Inglewood,0.5953,0.2424,0.1622,1.7435,0.864,2.6075,1-0,0.1335,1-1,0.1154,2-0,0.1138,0.4845,0.5155,0.4921,2210.0485,1911.8518,1.8816,0.477,1.475,0.6342,0.2.0+3c7e331,2026-06-28T09:21:38.645131+00:00,
2026-07-02,K,Portugal,Croatia,Toronto,0.4805,0.2668,0.2527,1.5991,1.0739,2.6731,1-1,0.1272,1-0,0.0997,2-1,0.0904,0.4989,0.5011,0.5312,2058.9548,1973.3358,1.7698,0.522,1.464,0.6883,0.2.0+3c7e331,2026-06-28T09:21:38.645131+00:00,
2026-07-01,D,United States,Bosnia and Herzegovina,Santa Clara,0.6401,0.2127,0.1472,2.3069,1.0882,3.3951,2-1,0.0987,1-1,0.0954,2-0,0.0882,0.6567,0.3433,0.6105,1898.9367,1696.1691,1.4661,0.7982,1.0332,0.8733,0.2.0+3c7e331,2026-06-28T09:21:38.645131+00:00,
2026-07-01,L,England,DR Congo,Atlanta,0.552,0.2811,0.1668,1.2282,0.5757,1.8039,1-0,0.2275,0-0,0.1522,2-0,0.1267,0.2702,0.7298,0.3108,2111.0683,1821.3623,1.5641,0.4467,1.0851,0.5068,0.2.0+3c7e331,2026-06-28T09:21:38.645131+00:00,
2026-07-01,G,Belgium,Senegal,Seattle,0.4068,0.2737,0.3195,1.4547,1.284,2.7387,1-1,0.1299,2-1,0.0899,1-0,0.0891,0.515,0.485,0.5637,1964.4443,1902.4808,1.7626,0.5683,1.7135,0.5948,0.2.0+3c7e331,2026-06-28T09:21:38.645131+00:00,
2026-06-30,A,Mexico,Ecuador,Mexico City,0.4353,0.3107,0.254,1.0205,0.7064,1.7269,1-0,0.1906,0-0,0.1698,0-1,0.1263,0.25,0.75,0.3156,2022.9348,1993.3412,1.3678,0.4894,1.0776,0.3981,0.2.0+3c7e331,2026-06-28T09:21:38.645131+00:00,
2026-06-30,E,Ivory Coast,Norway,Arlington,0.3033,0.282,0.4147,1.1404,1.3095,2.4499,1-1,0.1339,0-1,0.1169,1-2,0.0937,0.444,0.556,0.5039,1865.2172,1987.6838,1.3355,0.4905,1.7953,0.6918,0.2.0+3c7e331,2026-06-28T09:21:38.645131+00:00,
2026-06-30,I,France,Sweden,East Rutherford,0.6914,0.1929,0.1157,2.4844,1.0465,3.5309,2-1,0.1008,2-0,0.0907,1-1,0.0852,0.6833,0.3167,0.6117,2188.4378,1817.2821,1.867,0.5518,1.4839,0.9496,0.2.0+3c7e331,2026-06-28T09:21:38.645131+00:00,
2026-06-29,F,Netherlands,Morocco,Guadalupe,0.3194,0.2913,0.3893,1.0233,1.2105,2.2338,1-1,0.1348,0-1,0.1162,1-0,0.1134,0.3873,0.6127,0.4499,2054.9296,2034.0516,1.8486,0.6205,1.5424,0.3749,0.2.0+3c7e331,2026-06-28T09:21:38.645131+00:00,
2026-06-29,C,Brazil,Japan,Houston,0.394,0.2819,0.3241,1.2975,1.1975,2.4951,1-1,0.1342,1-0,0.1076,2-1,0.0897,0.4553,0.5447,0.5143,2091.0042,2007.1084,1.8943,0.5488,1.7225,0.4721,0.2.0+3c7e331,2026-06-28T09:21:38.645131+00:00,
2026-06-29,E,Germany,Paraguay,Foxborough,0.4859,0.2693,0.2448,1.5462,1.011,2.5573,1-1,0.1282,1-0,0.1106,2-0,0.0922,0.4705,0.5295,0.5059,2005.0482,1903.8445,1.9574,0.6627,1.097,0.5951,0.2.0+3c7e331,2026-06-28T09:21:38.645131+00:00,
2026-06-28,A,South Africa,Canada,Inglewood,0.23,0.2936,0.4764,0.7419,1.1909,1.9328,0-1,0.1779,0-0,0.1417,1-1,0.1238,0.306,0.694,0.3624,1715.6783,1864.0639,1.0135,0.6584,1.2721,0.5557,0.2.0+3c7e331,2026-06-28T09:21:38.645131+00:00,
2026-07-03,D,Australia,Egypt,Arlington,0.3875,0.3116,0.3009,0.9707,0.831,1.8017,1-0,0.168,0-0,0.1599,0-1,0.1346,0.2706,0.7294,0.3438,1923.0371,1853.492,1.2682,0.5257,1.1964,0.5322,0.2.0+3c7e331,2026-06-28T09:21:38.645131+00:00,
2026-07-04,B,Canada,Morocco,Houston,0.2105,0.2965,0.493,0.6449,1.1604,1.8054,0-1,0.1966,0-0,0.1583,1-1,0.1164,0.2711,0.7289,0.3202,1881.9774,2035.8521,1.2674,0.5388,1.5355,0.3763,0.2.0+d7e0d02,2026-06-30T09:53:31.051377+00:00,
2026-07-05,C,Brazil,Norway,East Rutherford,0.4738,0.2571,0.2691,1.7948,1.3255,3.1203,1-1,0.1173,2-1,0.0936,1-0,0.0722,0.6007,0.3993,0.6242,2113.8975,2007.5292,1.9235,0.5437,1.8207,0.687,0.2.0+d81cc71,2026-07-01T10:02:17.655913+00:00,
2026-07-04,D,Paraguay,France,Philadelphia,0.1558,0.2507,0.5935,0.7246,1.5877,2.3123,0-1,0.1637,0-2,0.1271,1-1,0.1151,0.4084,0.5916,0.4196,1912.3437,2199.5277,1.0959,0.5823,1.8843,0.5291,0.2.0+d81cc71,2026-07-01T10:02:17.655913+00:00,
2026-07-06,D,United States,Belgium,Seattle,0.3345,0.257,0.4085,1.5855,1.8124,3.3979,1-1,0.1102,1-2,0.079,2-1,0.0787,0.656,0.344,0.6767,1913.7096,1989.15,1.4566,0.7756,1.8152,0.5847,0.2.0+3e294fa,2026-07-02T09:25:14.174989+00:00,
2026-07-05,A,Mexico,England,Mexico City,0.373,0.2949,0.3321,1.1297,1.0437,2.1733,1-1,0.1352,1-0,0.1234,0-0,0.1171,0.3712,0.6288,0.4397,2054.193,2120.5923,1.3953,0.4771,1.5897,0.4557,0.2.0+3e294fa,2026-07-02T09:25:14.174989+00:00,
2026-07-06,K,Portugal,Spain,Dallas,0.2582,0.2752,0.4666,1.0394,1.4384,2.4778,1-1,0.1308,0-1,0.1207,1-2,0.0965,0.4511,0.5489,0.5014,2081.708,2226.0415,1.7822,0.5213,1.9297,0.456,0.2.0+96e6477,2026-07-03T09:29:09.439331+00:00,
2026-07-06,B,Switzerland,Colombia,Vancouver,0.298,0.281,0.421,1.1114,1.3566,2.468,1-1,0.1335,0-1,0.1105,0-0,0.0909,0.4483,0.5517,0.5046,2021.5515,2094.4722,1.6161,0.6009,1.6355,0.5161,0.2.0+382038e,2026-07-04T08:46:19.774015+00:00,
2026-07-06,J,Argentina,Egypt,Atlanta,0.6376,0.2417,0.1206,1.5318,0.5592,2.091,1-0,0.2075,2-0,0.1489,0-0,0.1158,0.3486,0.6514,0.3451,2229.3041,1859.4181,1.9183,0.3914,1.1945,0.5326,0.2.0+382038e,2026-07-04T08:46:19.774015+00:00,
2026-07-09,I,France,Morocco,Foxborough,0.399,0.2992,0.3017,1.0708,0.9573,2.0281,1-0,0.1562,1-1,0.1324,0-0,0.1313,0.3325,0.6675,0.4042,2209.1686,2066.5108,1.8621,0.5129,1.5722,0.3657,0.2.0+4bbfa2f,2026-07-05T09:15:29.896008+00:00,
2026-07-11,I,Norway,England,Miami Gardens,0.2896,0.2741,0.4364,1.1681,1.4702,2.6382,1-1,0.1306,0-1,0.1,1-2,0.092,0.4908,0.5092,0.5392,2065.8911,2151.7683,1.8428,0.6456,1.6521,0.4775,0.2.0+21b402d,2026-07-06T10:51:48.198946+00:00,
2026-07-10,H,Spain,Belgium,Inglewood,0.5143,0.2627,0.223,1.5902,1.0166,2.6069,1-1,0.1253,1-0,0.1191,2-1,0.1035,0.4837,0.5163,0.5198,2244.252,2042.3407,1.9149,0.4335,1.8729,0.574,0.2.0+43bde41,2026-07-07T09:54:17.836157+00:00,
2026-07-11,J,Argentina,Switzerland,Kansas City,0.5448,0.2598,0.1954,1.5879,0.8735,2.4614,1-0,0.1348,1-1,0.1227,2-0,0.1085,0.4469,0.5531,0.4717,2235.6817,2027.755,1.9693,0.4274,1.5735,0.5743,0.2.0+f086081,2026-07-08T00:04:15.403010+00:00,
